/*
 Navicat Premium Data Transfer

 Source Server         : 103.170.89.97
 Source Server Type    : MySQL
 Source Server Version : 50742 (5.7.42-0ubuntu0.18.04.1)
 Source Host           : localhost:3306
 Source Schema         : CT105_satpol

 Target Server Type    : MySQL
 Target Server Version : 50742 (5.7.42-0ubuntu0.18.04.1)
 File Encoding         : 65001

 Date: 04/12/2023 09:55:01
*/

SET NAMES utf8mb4;
SET FOREIGN_KEY_CHECKS = 0;

-- ----------------------------
-- Table structure for berita
-- ----------------------------
DROP TABLE IF EXISTS `berita`;
CREATE TABLE `berita` (
  `id` int(10) unsigned NOT NULL AUTO_INCREMENT,
  `judul` text,
  `gambar` varchar(255) DEFAULT NULL,
  `created_at` timestamp NULL DEFAULT NULL,
  `updated_at` timestamp NULL DEFAULT NULL,
  PRIMARY KEY (`id`) USING BTREE
) ENGINE=InnoDB AUTO_INCREMENT=421 DEFAULT CHARSET=latin1 ROW_FORMAT=DYNAMIC;

-- ----------------------------
-- Records of berita
-- ----------------------------
BEGIN;
INSERT INTO `berita` (`id`, `judul`, `gambar`, `created_at`, `updated_at`) VALUES (1, 'Satpol PP Tunggu Wali Kota Pastikan Dispensasi Pedagang Pasar Terapung', '19-07-2022-7206pasar-terapung-siring-piere-tendean_20160324_163018.jpg', '2022-07-19 01:05:05', '2022-07-19 03:16:43');
INSERT INTO `berita` (`id`, `judul`, `gambar`, `created_at`, `updated_at`) VALUES (2, 'Unit Syariah Satpol PP Banjarmasin Beda Polisi Syariah Islam di Aceh', '19-07-2022-7876PolPP-Banjarmasin-Wanita2.jpg', '2022-07-19 01:08:49', '2022-07-19 03:16:34');
INSERT INTO `berita` (`id`, `judul`, `gambar`, `created_at`, `updated_at`) VALUES (3, 'SATPOL-PP KOTA BANJARMASIN. Upacara pembukaan pelaksanaan kegiatan TMMD ke 114 Kodim 1007 Banjarmasin yang bertempat di lapangan kcm thr jumpa square (jalan belitung darat).', '28-07-2022-893933.PNG', '2022-07-28 00:17:06', '2022-07-28 00:17:06');
INSERT INTO `berita` (`id`, `judul`, `gambar`, `created_at`, `updated_at`) VALUES (4, 'SATPOL-PP KOTA BANJARMASIN. Kembali Melaksanakan PAM Acara Job Fair 2022 yang di Adakan Pemerintah Kota Banjarmasin, Acara ini berlangsung 3hari kedepan.', '28-07-2022-334734.PNG', '2022-07-28 00:17:25', '2022-07-28 00:17:25');
INSERT INTO `berita` (`id`, `judul`, `gambar`, `created_at`, `updated_at`) VALUES (5, 'SATPOL PP KOTA BANJARMASIN. Menyikapi laporan dari warga bahwa adanya kehadiran ODGJ yg sering mengamuk di kawasan jalan Setoyo S Komp. Ar Rahman yg sangat meresahkan warga.', '28-07-2022-217335.PNG', '2022-07-28 00:17:41', '2022-07-28 00:17:41');
INSERT INTO `berita` (`id`, `judul`, `gambar`, `created_at`, `updated_at`) VALUES (6, 'SATPOL-PP KOTA BANJARMASIN. Melaksanakan Patroli Rutin Bersama Anggota Satpol PP Kota Banjarmasin.', '28-07-2022-571336.PNG', '2022-07-28 00:18:06', '2022-07-28 00:18:06');
INSERT INTO `berita` (`id`, `judul`, `gambar`, `created_at`, `updated_at`) VALUES (7, 'SATPOL-PP KOTA BANJARMASIN. Melaksanakan kegiatan sosialisasi dengan beberapa PKL yang meletakkan gerobak dagangan dan papan nama jualan diatas trotoar.', '28-07-2022-361437.PNG', '2022-07-28 01:13:51', '2022-07-28 01:13:51');
INSERT INTO `berita` (`id`, `judul`, `gambar`, `created_at`, `updated_at`) VALUES (8, 'SATPOL-PP KOTA BANJARMASIN. Melaksanakan Pengamanan Penutupan Acara Job Fair 2022 di Siring Tendean.', '28-07-2022-137538.PNG', '2022-07-28 06:56:02', '2022-07-28 06:56:02');
INSERT INTO `berita` (`id`, `judul`, `gambar`, `created_at`, `updated_at`) VALUES (9, 'SATPOL-PP KOTA BANJARMASIN. Giat pengawasan dibeberapa titik kawasan simpangan wilayah Banjarmasin.', '28-07-2022-809539.PNG', '2022-07-28 06:56:45', '2022-07-28 06:56:45');
INSERT INTO `berita` (`id`, `judul`, `gambar`, `created_at`, `updated_at`) VALUES (10, 'SATPOL-PP KOTA BANJARMASIN. Melaksanakan Pengamanan PAM Demo Ratusan massa tergabung dalam organisasi ALFI/ILFA yang terdiri dari sopir dan buruh di Pelabuhan Trisakti Banjarmasin di lakukan depan Kantor DPRD Kota Banjarmasin.', '29-07-2022-646540.PNG', '2022-07-29 00:23:15', '2022-07-29 00:23:15');
INSERT INTO `berita` (`id`, `judul`, `gambar`, `created_at`, `updated_at`) VALUES (11, 'SATPOL-PP KOTA BANJARMASIN. Giat melaksanakan pengawasan di kawasan jalan K.S Tubun dan dibeberapa titik jalan A. Yani dan Lambung Mangkurat.', '29-07-2022-7841.PNG', '2022-07-29 12:25:23', '2022-07-29 12:25:23');
INSERT INTO `berita` (`id`, `judul`, `gambar`, `created_at`, `updated_at`) VALUES (12, 'SATPOL-PP KOTA BANJARMASIN. Giat tim sepeda Satpol PP untuk menertibkan PKL.', '29-07-2022-236542.PNG', '2022-07-29 12:25:39', '2022-07-29 12:25:39');
INSERT INTO `berita` (`id`, `judul`, `gambar`, `created_at`, `updated_at`) VALUES (13, 'SATPOL-PP KOTA BANJARMASIN. Penyerahan Surat \"Teguran Pertama\" kepada pedagang yang berjualan disepanjang jalan Soetoyo S. serta berjualan di bahu jalan maupun menambah bangunan yang mengenai badan jalan sampai trotoar jalan.', '29-07-2022-125243.PNG', '2022-07-29 12:25:57', '2022-07-29 12:25:57');
INSERT INTO `berita` (`id`, `judul`, `gambar`, `created_at`, `updated_at`) VALUES (14, 'SATPOL-PP BANJARMASIN. Tim \"Unit Tanggap Cepat\" Menyikapi Laporan Masyarakat dari Aplikasi E-Lapor (SiPadu Baiman).', '31-07-2022-599944.PNG', '2022-07-31 01:12:29', '2022-07-31 01:12:29');
INSERT INTO `berita` (`id`, `judul`, `gambar`, `created_at`, `updated_at`) VALUES (15, 'SATPOL-PP KOTA BANJARMASIN. Melaksanakan patroli rutin dan kegiatan sosialisasi dengan beberapa PKL yang meletakkan gerobak dagangan dan papan nama jualan diatas trotoar.', '31-07-2022-33945.PNG', '2022-07-31 01:27:52', '2022-07-31 01:27:52');
INSERT INTO `berita` (`id`, `judul`, `gambar`, `created_at`, `updated_at`) VALUES (16, 'SATPOL-PP KOTA BANJARMASIN. Melaksanakan pengecekan dan pengawasan THM (Tempat Hiburan Malam) pada malam hari keagamaan di setiap “Diskotik,Karaoke dan Billyard”.', '31-07-2022-814946.PNG', '2022-07-31 01:33:20', '2022-07-31 01:33:20');
INSERT INTO `berita` (`id`, `judul`, `gambar`, `created_at`, `updated_at`) VALUES (17, 'SATPOL-PP KOTA BANJARMASIN. Melaksanakan giat penertiban dan peneguran kepada PKL yang berjualan di atas Trotoar di jalan A.Yani dan pelepasan 1 spanduk Alfamart yg tergantung di tiang listrik dan tdk memiliki Izin.', '31-07-2022-80547.PNG', '2022-07-31 01:39:40', '2022-07-31 01:39:40');
INSERT INTO `berita` (`id`, `judul`, `gambar`, `created_at`, `updated_at`) VALUES (18, 'SATPOL-PP KOTA BANJARMASIN. Giat penertiban dan peneguran pemilik toko/kios yang meletakkan plang namanya yang menjorok kejalan , di sepanjang Jalan Sultan Adam dan pkl pentol berjualan di depan Indom*ret, yang menghalangi akses keluar masuk indom*ret. Jalan Pramuka.', '31-07-2022-449848.PNG', '2022-07-31 05:54:05', '2022-07-31 05:54:05');
INSERT INTO `berita` (`id`, `judul`, `gambar`, `created_at`, `updated_at`) VALUES (19, 'SATPOL-PP KOTA BANJARMASIN. Giat PAM Hari Anak Nasional Kota Banjarmasin Tahun 2022 yang di selenggarakan di siring pemko. Jalan RE.Martadinata.', '31-07-2022-565649.PNG', '2022-07-31 05:58:37', '2022-07-31 05:58:37');
INSERT INTO `berita` (`id`, `judul`, `gambar`, `created_at`, `updated_at`) VALUES (20, 'SATPOL-PP KOTA BANJARMASIN. Melaksanakan Giat Seperti Pengecekan Spanduk dan Pengawasan di wilayah beberapa titik persimpangan.', '02-08-2022-191850.PNG', '2022-08-02 01:12:01', '2022-08-02 01:12:01');
INSERT INTO `berita` (`id`, `judul`, `gambar`, `created_at`, `updated_at`) VALUES (21, 'SATPOL-PP KOTA BANJARMASIN. Melaksanakan Kegiatan Sosialisai Kepada Masyrakat yang Masih Menggunakan Fasum Sebagai Tempat Berjualan dan Manfaatkan Trotoar Untuk Meletakkan Papan Iklan dan Barang Daganagan Milik Para Pedagang.', '02-08-2022-727052.PNG', '2022-08-02 04:15:23', '2022-08-02 04:15:23');
INSERT INTO `berita` (`id`, `judul`, `gambar`, `created_at`, `updated_at`) VALUES (22, 'SATPOL-PP KOTA BANJARMASIN. Unit Tanggap Cepat Menyikapi Laporan Masyarakat di Aplikasi E-Lapor Perihal Pengamen yang Meresahkan di Simpang 4 Lampu Merah Belitung.', '03-08-2022-571453.PNG', '2022-08-03 04:35:41', '2022-08-03 04:35:41');
INSERT INTO `berita` (`id`, `judul`, `gambar`, `created_at`, `updated_at`) VALUES (23, 'SATPOL-PP KOTA BANJARMASIN. Kembali Melakukan Sosialisasi Secara Preventif dan Humanis Kepada Para Pedagang Toko yang Atap Seng nya Masih Menjorok Ke Trotoar Jalan Hasan Basri.', '03-08-2022-532654.PNG', '2022-08-03 04:37:53', '2022-08-03 04:37:53');
INSERT INTO `berita` (`id`, `judul`, `gambar`, `created_at`, `updated_at`) VALUES (24, 'SATPOL-PP KOTA BANJARMASIN. Menyikapi laporan masyarakat perihal adanya ODGJ yang mengganggu masyarakat disekitar kawasan Jalan Brigjend Hasan Basry.', '03-08-2022-154255.PNG', '2022-08-03 04:40:24', '2022-08-03 04:40:24');
INSERT INTO `berita` (`id`, `judul`, `gambar`, `created_at`, `updated_at`) VALUES (25, 'SATPOL-PP KOTA BANJARMASIN. Melaksanakan Pengamanan Demo Bahan Bakar Minyak (BBM) Solar di Kantor Walikota Kota Banjarmasin.', '03-08-2022-75356.PNG', '2022-08-03 04:46:21', '2022-08-03 04:46:21');
INSERT INTO `berita` (`id`, `judul`, `gambar`, `created_at`, `updated_at`) VALUES (26, 'SATPOL-PP BANJARMASIN. Giat Memberikan surat peringatan kembali kepedagang disepanjangnkawasan Jalan Sutoyo S serta penertiban dan peneguran pkl yang berjualan dibadan jalan depan pasar samudra baru. Jalan P.Samudra.', '04-08-2022-94857.PNG', '2022-08-04 01:56:19', '2022-08-04 01:56:19');
INSERT INTO `berita` (`id`, `judul`, `gambar`, `created_at`, `updated_at`) VALUES (27, 'SATPOL-PP KOTA BANJARMASIN. Menyikapi laporan masyarakat perihal adanya anak kecil yang terlantar dan tidur dimuka ruko Jalan Veteran juga melaksanakan pengcekkan secara berkelanjutan di kawasan KWM samping Ex Roberta, Jalan Hasanuddin HM.', '04-08-2022-653158.PNG', '2022-08-04 02:11:32', '2022-08-04 02:11:32');
INSERT INTO `berita` (`id`, `judul`, `gambar`, `created_at`, `updated_at`) VALUES (28, 'SATPOL-PP KOTA BANJARMASIN. Tim Patroli Cepat (TPC) melaksanakan penertiban dan peneguran di kawasan Pasar Lama dan S. Parman.', '04-08-2022-974059.PNG', '2022-08-04 05:29:23', '2022-08-04 05:29:23');
INSERT INTO `berita` (`id`, `judul`, `gambar`, `created_at`, `updated_at`) VALUES (29, 'SATPOL-PP KOTA BANJARMASIN. Giat penertiban dan peneguran pkl pentol yang berjualan di bahu jalan kawasan RTH Taman Kamboja. Jalan H.Anang Adenensi dan memberikan surat peringatan ke III ke pedagang yang berjualan di trotoar di sepanjang kawasan Jalan Haryono MT.', '05-08-2022-206360.PNG', '2022-08-05 01:08:27', '2022-08-05 01:08:27');
INSERT INTO `berita` (`id`, `judul`, `gambar`, `created_at`, `updated_at`) VALUES (30, 'SATPOL-PP KOTA BANJARMASIN. Kembali Melakukan Sosialisasi Kepada Para Pedagang yang Masih Menggunakan Fasum Sebagai Meletakakan Barang Dagangan di Atas Trotoar Jalan Hasan Basry.', '05-08-2022-196661.PNG', '2022-08-05 01:12:36', '2022-08-05 01:12:36');
INSERT INTO `berita` (`id`, `judul`, `gambar`, `created_at`, `updated_at`) VALUES (31, 'SATPOL-PP KOTA BANJARMASIN. Melakukan Sosialisasi Kepada Para Pedagang yang Masih Menggunakan Trotoar Sebagai Tempat Meletakkan Papan Iklan di Atas Trotoar Jalan Hasan Basry.', '05-08-2022-520762.PNG', '2022-08-05 01:13:33', '2022-08-05 01:13:33');
INSERT INTO `berita` (`id`, `judul`, `gambar`, `created_at`, `updated_at`) VALUES (32, 'SATPOL-PP KOTA BANJARMASIN. Melaksanakan pelepasan pda Banner Maxim yg bergantung di tiang listrik serta penertiban dan peneguran kpd pemelik rombong warung dan Pkl yg menyalah gunakan jalan Trotoar utk berjualan.', '05-08-2022-754463.PNG', '2022-08-05 03:25:12', '2022-08-05 03:25:12');
INSERT INTO `berita` (`id`, `judul`, `gambar`, `created_at`, `updated_at`) VALUES (33, 'SATPOL-PP KOTA BANJARMASIN. Melaksanakan Pengamanan Unjuk Rasa Himpunan Mahasiswa Islam ( HMI )', '05-08-2022-353964.PNG', '2022-08-05 03:27:30', '2022-08-05 03:27:30');
INSERT INTO `berita` (`id`, `judul`, `gambar`, `created_at`, `updated_at`) VALUES (34, 'SATPOL-PP KOTA BANJARMASIN. Penertiban dan Pelepasan serta Mengamankan T-Banner yang Sudah Habis Masa Berlakunya.', '08-08-2022-397465.PNG', '2022-08-08 12:55:26', '2022-08-08 12:55:26');
INSERT INTO `berita` (`id`, `judul`, `gambar`, `created_at`, `updated_at`) VALUES (35, 'SATPOL-PP KOTA BANJARMASIN. Giat penertiban dan peneguran pkl bemdera yang berjualan dikawasan Jalan Sungai Anda serta pkl empek-empek yqng berjualan di bahu jalan di kawasanJalan Perintis Kemerdekaan.', '08-08-2022-849766.PNG', '2022-08-08 12:58:09', '2022-08-08 12:58:09');
INSERT INTO `berita` (`id`, `judul`, `gambar`, `created_at`, `updated_at`) VALUES (36, 'SATPOL-PP KOTA BANJARMASIN. Melaksanakan Patroli Rutin secara berkelanjutan di sepanjang jalan Pramuka dan Ahmad Yani.', '08-08-2022-161167.PNG', '2022-08-08 13:00:28', '2022-08-08 13:00:28');
INSERT INTO `berita` (`id`, `judul`, `gambar`, `created_at`, `updated_at`) VALUES (37, 'SATPOL-PP KOTA BANJARMASIN. Memberikan surat peringatan kepada pedagang dikawasan sepanjang Jalan Bridgend Hasan Basry yang berada di atas trotoar, dan atap tokonya menjorok ke trotoar.', '08-08-2022-467368.PNG', '2022-08-08 13:02:54', '2022-08-08 13:02:54');
INSERT INTO `berita` (`id`, `judul`, `gambar`, `created_at`, `updated_at`) VALUES (38, 'SATPOL-PP KOTA BANJARMASIN. Dalam Rangka Gerakan Pembagian 10Juta Bendera Merah Putih. Satuan Polisi Pamong Praja Kota Banjarmasin Melakukan Kegiatan Pembagian Bendera Merah Putih ke Para Pedagang Toko yang Ada di Depan Kantor Satpol PP. Jalan Ks Stubun.', '09-08-2022-427569.PNG', '2022-08-09 11:51:55', '2022-08-09 11:51:55');
INSERT INTO `berita` (`id`, `judul`, `gambar`, `created_at`, `updated_at`) VALUES (39, 'SATPOL-PP KOTA BANJARMASIN. Penertiban dan peneguran PKL beserta Banner yang berada di bahu jalan kawasan Jl. Brigjen hasan basri, Jl. Adyaksa dan Jl. Haryono MT', '09-08-2022-96370.PNG', '2022-08-09 11:58:41', '2022-08-09 11:58:41');
INSERT INTO `berita` (`id`, `judul`, `gambar`, `created_at`, `updated_at`) VALUES (40, 'SATPOL-PP KOTA BANJARMASIN. Giat secara berkelanjutan di Kawasan Jalan RE Martadinata ( Pelabuhan Lama ) dan Haryono MT dan Pengecakan Kawasan Pasar Lama. Jalan Perintis Kemerdekaan.', '10-08-2022-954571.PNG', '2022-08-10 03:26:43', '2022-08-10 03:26:43');
INSERT INTO `berita` (`id`, `judul`, `gambar`, `created_at`, `updated_at`) VALUES (41, 'SATPOL-PP KOTA BANJARMASIN. Memberikan surat peringatan ke III kepada pedagang di sepanjang jalan kawasan sutoyo s dan Penertiban dan peneguran pkl yang berjualan di bahu jalan serta Memasang spanduk sosialisasi.', '10-08-2022-918072.PNG', '2022-08-10 03:30:10', '2022-08-10 03:30:10');
INSERT INTO `berita` (`id`, `judul`, `gambar`, `created_at`, `updated_at`) VALUES (42, 'SATPOL-PP KOTA BANJARMASIN. Penertiban dan di Amankan kpd Jasa Gambar Lukis yg berjual di area taman dan  Pelepasan kpd Spanduk yg menggantung di tiang listrik dan tdk memiliki izin.', '10-08-2022-110273.PNG', '2022-08-10 05:30:55', '2022-08-10 05:30:55');
INSERT INTO `berita` (`id`, `judul`, `gambar`, `created_at`, `updated_at`) VALUES (43, 'SATPOL-PP KOTA BANJARMASIN. Giat Yustisi tentang Pengelolaan Persampahan/ Kebersihan dan Pertamanan.', '11-08-2022-976274.PNG', '2022-08-11 02:05:32', '2022-08-11 02:05:32');
INSERT INTO `berita` (`id`, `judul`, `gambar`, `created_at`, `updated_at`) VALUES (44, 'SATPOL-PP KOTA BANJARMASIN. Giat secara berkelanjutan di Kawasan Jalan Haryono MT dan penertiban Kepada Badut yang beraktifitas di Lampu Merah.', '11-08-2022-247675.PNG', '2022-08-11 02:22:21', '2022-08-11 02:22:21');
INSERT INTO `berita` (`id`, `judul`, `gambar`, `created_at`, `updated_at`) VALUES (45, 'SATPOL-PP KOTA BANJARMASIN. Giat penertiban dan peneguran plang nama yang berada di bahu jalan dan pkl yang berada di trotoar. Kawasan Jalan Lambung Mangkurat.', '15-08-2022-908876.PNG', '2022-08-15 10:41:12', '2022-08-15 10:41:12');
INSERT INTO `berita` (`id`, `judul`, `gambar`, `created_at`, `updated_at`) VALUES (46, 'SATPOL-PP KOTA BANJARMASIN. Giat memberikan surat teguran ke II kepada pedagang yang berjualan di atas trotoar, meletakkan plang namanya diatas trotoar, dan atap tokonya menjorok ketrotoar, disepanjang kawasan jalan bridgend hasan basri.', '15-08-2022-222677.PNG', '2022-08-15 10:43:43', '2022-08-15 10:43:43');
INSERT INTO `berita` (`id`, `judul`, `gambar`, `created_at`, `updated_at`) VALUES (47, 'SATPOL-PP KOTA BANJARMASIN. Melaksanakan Patroli Rutin Pengecekan dan Pengawasan dikawasan Kota Banjarmasin.', '15-08-2022-730078.PNG', '2022-08-15 10:46:47', '2022-08-15 10:46:47');
INSERT INTO `berita` (`id`, `judul`, `gambar`, `created_at`, `updated_at`) VALUES (48, 'SATPOL-PP KOTA BANJARMASIN. Pelatihan Anti Huru Hara Satuan Polisi Pamong Praja Kota Banjarmasin.', '15-08-2022-621379.PNG', '2022-08-15 10:49:53', '2022-08-15 10:49:53');
INSERT INTO `berita` (`id`, `judul`, `gambar`, `created_at`, `updated_at`) VALUES (49, 'SATPOL-PP KOTA BANJARMASIN. Penertiban dan Peneguran pkl.', '15-08-2022-897480.PNG', '2022-08-15 10:54:19', '2022-08-15 10:54:19');
INSERT INTO `berita` (`id`, `judul`, `gambar`, `created_at`, `updated_at`) VALUES (50, 'SATPOL-PP KOTA BANJARMASIN. menindak lanjuti laporan dri Dinas Sosial perihal ODGJ yg mengamuk ketika diamankan di Dinas Sosial (Rumah Singgah). Untuk di antar ke RSJ Sambang Lihum di dampingi pihak keluarga Ybs.', '15-08-2022-479681.PNG', '2022-08-15 10:55:52', '2022-08-15 10:55:52');
INSERT INTO `berita` (`id`, `judul`, `gambar`, `created_at`, `updated_at`) VALUES (51, 'SATPOL-PP KOTA BANJARMASIN. Patroli Rutin Pengecekan dan Pengawasan serta pelepasan T-Banner yang tidak memiliki izin dan salah penempatan.', '15-08-2022-520882.PNG', '2022-08-15 10:59:20', '2022-08-15 10:59:20');
INSERT INTO `berita` (`id`, `judul`, `gambar`, `created_at`, `updated_at`) VALUES (52, 'SATPOL-PP KOTA BANJARMASIN. Melaksanakan kegiatan Pengamanan dan Mengikuti Apel Gladi Bersih Upacara Peringatan Hut Kemerdekaan RI di Halaman Kantor Pemerintah Kota Banjarmasin Jalan RE Martadinata', '15-08-2022-313383.PNG', '2022-08-15 11:42:11', '2022-08-15 11:42:11');
INSERT INTO `berita` (`id`, `judul`, `gambar`, `created_at`, `updated_at`) VALUES (53, 'SATPOL-PP KOTA BANJARMASIN. Pengamanan hari Jadi Provinsi Ke-72 Kalimantan Selatan yang Di Adakan di Siring 0 Km, Acara Ini di Laksakan 4 Hari Berturut-turut.', '16-08-2022-122084.PNG', '2022-08-16 03:22:31', '2022-08-16 03:22:31');
INSERT INTO `berita` (`id`, `judul`, `gambar`, `created_at`, `updated_at`) VALUES (54, 'SATPOL-PP KOTA BANJARMASIN. Melaksanakan Giat Peneguran dan Pengecekan dan Pemberian SP III Kepada Pedagang dan PKL disepanjang Jalan Sotuyo S', '21-08-2022-757785.PNG', '2022-08-21 23:58:43', '2022-08-21 23:58:43');
INSERT INTO `berita` (`id`, `judul`, `gambar`, `created_at`, `updated_at`) VALUES (55, 'SATPOL PP KOTA BANJARMASIN. Giat penertiban dan peneguran di kawasan Jalan A.Yani km 3,  Jalan Haryono MT dan Jalan Sutoyo S', '22-08-2022-576686.PNG', '2022-08-22 00:37:35', '2022-08-22 00:37:35');
INSERT INTO `berita` (`id`, `judul`, `gambar`, `created_at`, `updated_at`) VALUES (56, 'SATPOL PP KOTA BANJARMASIN. Giat penertiban dan peneguran pedagang  di kawasan Jalan Sutoyo S dan menjemput ODGJ di rumah singgah untuk diantar ke Rs. Sambang Lihum.', '22-08-2022-506987.PNG', '2022-08-22 00:42:33', '2022-08-22 00:42:33');
INSERT INTO `berita` (`id`, `judul`, `gambar`, `created_at`, `updated_at`) VALUES (57, 'SATPOL-PP KOTA BANJARMASIN. Melaksanakan Giat Lanjutan untuk melaksanakan Pengecekan Kawasan Siring RK.Ilir, Kawasan KwK Ex Roberta, Siring Bekantan dan Ex Kantor Pertanahan.', '22-08-2022-650788.PNG', '2022-08-22 00:44:57', '2022-08-22 00:44:57');
INSERT INTO `berita` (`id`, `judul`, `gambar`, `created_at`, `updated_at`) VALUES (58, 'SATPOL-PP KOTA BANJARMASIN. Giat Pengecekan dan pengawasan adanya potensi gangguan Tibumtranmasy dikawasan Siring, Jalan Kapten Piare Tandean.', '22-08-2022-328289.PNG', '2022-08-22 00:47:37', '2022-08-22 00:47:37');
INSERT INTO `berita` (`id`, `judul`, `gambar`, `created_at`, `updated_at`) VALUES (59, 'SATPOL-PP KOTA BANJARMASIN. Melaksanakan kegiatan Pengawalan Walikota Banjarmasin dari kediaman menuju Kantor Pemerintah Kota Banjarmasin dalam rangka Peringatan Hut Kemerdekaan RI. Jalan RE Martadinata.', '22-08-2022-663490.PNG', '2022-08-22 00:49:55', '2022-08-22 00:49:55');
INSERT INTO `berita` (`id`, `judul`, `gambar`, `created_at`, `updated_at`) VALUES (60, 'Rabu,17 Agustus 2022 Satuan Polisi Pamong Praja Kota Banjarmasin Mengikuti Upacara Memperingati Hari Kemerdekaan Republik Indonesia Ke-77 yang di Laksanakan di Halaman Pemko Kota Banjarmasin.', '22-08-2022-958891.PNG', '2022-08-22 00:52:19', '2022-08-22 00:52:19');
INSERT INTO `berita` (`id`, `judul`, `gambar`, `created_at`, `updated_at`) VALUES (61, 'SATPOL-PP KOTA BANJARMASIN. Lomba olahraga Tradisional Dalam Rangka HUT RI ke 77 & Hari Jadi Kota Banjarmasin ke 496.', '22-08-2022-120792.PNG', '2022-08-22 00:54:36', '2022-08-22 00:54:36');
INSERT INTO `berita` (`id`, `judul`, `gambar`, `created_at`, `updated_at`) VALUES (62, 'SATPOL-PP KOTA BANJARMASIN. Memberikan *SURAT TEGURAN III* kepada PKL sepanjang Jalan Brig. Jend. H. Hasan Basri yang berada diatas trotoar atau dibahu jalan maupun menambah bangunan yang menjorok sampai ketrotoar.', '23-08-2022-618193.PNG', '2022-08-23 05:51:53', '2022-08-23 05:51:53');
INSERT INTO `berita` (`id`, `judul`, `gambar`, `created_at`, `updated_at`) VALUES (63, 'SATPOL PP KOTA BANJARMASIN. Menjemput ODGJ di Jalan Alalak Selatan untuk diantar ke Rs. Sambang Lihum.', '23-08-2022-761494.PNG', '2022-08-23 05:53:50', '2022-08-23 05:53:50');
INSERT INTO `berita` (`id`, `judul`, `gambar`, `created_at`, `updated_at`) VALUES (64, 'SATPOL PP KOTA BANJARMASIN. Memberikan surat teguran ke III kepada pedagang yang melanggar perda, Penertiban pedagang yang meletakkan plang namanya di bahu jalan dan Penertiban dan pelepasan banner m*xim yang salah penempatan dan tidak ada izinnya', '23-08-2022-541295.PNG', '2022-08-23 05:57:22', '2022-08-23 05:57:22');
INSERT INTO `berita` (`id`, `judul`, `gambar`, `created_at`, `updated_at`) VALUES (65, 'SATPOL-PP KOTA BANJARMASIN. Melaksanaka Giat Lanjutan Membagikan Surat Teguran III Kepada Pedagang yang masih berjualan di bahu Jalan dan trotoar dikawasan sepanjang Jalan sutoyo s.', '23-08-2022-772396.PNG', '2022-08-23 05:59:36', '2022-08-23 05:59:36');
INSERT INTO `berita` (`id`, `judul`, `gambar`, `created_at`, `updated_at`) VALUES (66, 'SATPOL-PP KOTA BANJARMASIN. Melaksanakan Kegiatan Pengamanan dan Pengawasan Pagar Siring di Jalan Kapten Piere Tendean.', '23-08-2022-499497.PNG', '2022-08-23 06:01:25', '2022-08-23 06:01:25');
INSERT INTO `berita` (`id`, `judul`, `gambar`, `created_at`, `updated_at`) VALUES (67, 'SATPOL-PP KOTA BANJARMASIN. Melaksanaka Giat Lanjutan Membagikan Surat Teguran III Kepada Pedagang yang masih berjualan di bahu Jalan dan trotoar dikawasan sepanjang Jalan H Hasan Basry.', '24-08-2022-714098.PNG', '2022-08-24 06:16:30', '2022-08-24 06:16:30');
INSERT INTO `berita` (`id`, `judul`, `gambar`, `created_at`, `updated_at`) VALUES (68, 'SATPOL PP KOTA BANJARMASIN. Giat penertiban dan pelepasan T-banner yang tidak ada izinnya dikawasan Jalan Hasan Basri.', '24-08-2022-486599.PNG', '2022-08-24 06:18:15', '2022-08-24 06:18:15');
INSERT INTO `berita` (`id`, `judul`, `gambar`, `created_at`, `updated_at`) VALUES (69, 'SATPOL-PP KOTA BANJARMASIN. Anggota membantu memindahkan bangunan / tenda yang berada di atas trotoar di depan bank mandiri Jalan Lambung Mangkurat.', '25-08-2022-7398100.png', '2022-08-25 06:10:28', '2022-08-25 06:10:28');
INSERT INTO `berita` (`id`, `judul`, `gambar`, `created_at`, `updated_at`) VALUES (70, 'SATPOL PP KOTA BANJARMASIN. Melaksanakan apel gabungan upacara penutupan kegiatan TMMD ke 114 Kodim 1007 Banjarmasin. Di lapangan Pemko Banjarmasin, Jalan RE.Martadinata.', '27-08-2022-4261101.png', '2022-08-27 03:14:55', '2022-08-27 03:14:55');
INSERT INTO `berita` (`id`, `judul`, `gambar`, `created_at`, `updated_at`) VALUES (71, 'SATPOL PP KOTA BANJARMASIN. Melaksanakan kegiatan pengecekan THM (Tempat Hiburan Malam) di setiap tempat biliard, karaoke, diskotik, cafe and lounge diwilayah Banjarmasin.', '27-08-2022-7876102.png', '2022-08-27 03:19:30', '2022-08-27 03:19:30');
INSERT INTO `berita` (`id`, `judul`, `gambar`, `created_at`, `updated_at`) VALUES (72, 'SATPOL-PP KOTA BANJARMASIN. PAM Penyampaian Aspirasi LSM yang langsung Dihadiri oleh Wakil Walikota Bapak H. Arifin Noor didepan kantor Pemko Jalan RE Martadinata.', '27-08-2022-3659103.png', '2022-08-27 03:21:42', '2022-08-27 03:21:42');
INSERT INTO `berita` (`id`, `judul`, `gambar`, `created_at`, `updated_at`) VALUES (73, 'SATPOL PP KOTA BANJARMASIN. Giat pengecekan kawasan siring tendean. Jalan K.P.Tendean dan penertiban warung makan yang meletakkan plang namanya di badan jalan. Dikawasan Jalan Haryono MT', '29-08-2022-650104.png', '2022-08-29 06:24:01', '2022-08-29 06:24:01');
INSERT INTO `berita` (`id`, `judul`, `gambar`, `created_at`, `updated_at`) VALUES (74, 'SATPOL-PP KOTA BANJARMASIN. PAM WALIKOTA CUP AIRSOFTGUN TURNAMENT di RTH Taman Kamboja.', '29-08-2022-1319105.png', '2022-08-29 06:25:15', '2022-08-29 06:25:15');
INSERT INTO `berita` (`id`, `judul`, `gambar`, `created_at`, `updated_at`) VALUES (75, 'SATPOL-PP KOTA BANJARMASIN. Melaksanakan giat penertiban di kawasan jalan Sungai Andai dan Hasan Basri.', '01-09-2022-6267106.png', '2022-09-01 07:58:53', '2022-09-01 07:58:53');
INSERT INTO `berita` (`id`, `judul`, `gambar`, `created_at`, `updated_at`) VALUES (76, 'SATPOL-PP KOTA BANJARMASIN. Melaksanakan PAM Lomba Olahraga Penyandang Disabilitas Peringatan HUT ke 77 Kemerdekaan RI dan Hari Jadi ke 496 Kota Banjarmasin.', '01-09-2022-889107.png', '2022-09-01 08:01:15', '2022-09-01 08:01:15');
INSERT INTO `berita` (`id`, `judul`, `gambar`, `created_at`, `updated_at`) VALUES (77, 'SATPOL-PP KOTA BANJARMASIN. Melaksanakan Giat Patroli Rutin Sasaran di Lokasi Jembatan Pasar Sederhana. yang dimana Masih Banyak PKL Menggunakan Fasum Jembatan Pasar Sederhana Sebagai Tempat Berjualan.', '01-09-2022-2793108.png', '2022-09-01 08:03:05', '2022-09-01 08:03:05');
INSERT INTO `berita` (`id`, `judul`, `gambar`, `created_at`, `updated_at`) VALUES (78, 'SATPOL-PP KOTA BANJARMASIN. Melaksanakan Giat Penertiban dan Peneguran PKL yang Masih Menggunakan Trotoar dan Bahu Jalan Sebagai Tempat Berjualan.', '01-09-2022-3294109.png', '2022-09-01 08:05:16', '2022-09-01 08:05:16');
INSERT INTO `berita` (`id`, `judul`, `gambar`, `created_at`, `updated_at`) VALUES (79, 'SATPOL-PP KOTA BANJARMASIN. Penertiban dan peneguran terhadap Pkl yang berada dibahu jalan di sepanjang jalan padat karya / sungai andai.', '01-09-2022-5202110.png', '2022-09-01 08:07:11', '2022-09-01 08:07:11');
INSERT INTO `berita` (`id`, `judul`, `gambar`, `created_at`, `updated_at`) VALUES (80, 'SATPOL-PP KOTA BANJARMASIN. Melaksanakan Sosialisasi Perda di sepanjang jalan Naga Sari.', '05-09-2022-7953111.png', '2022-09-05 03:14:47', '2022-09-05 03:14:47');
INSERT INTO `berita` (`id`, `judul`, `gambar`, `created_at`, `updated_at`) VALUES (81, 'SATPOL-PP KOTA BANJARMASIN. Melaksanakan patroli sepeda di kawasan RK Ilir.', '05-09-2022-5138112.png', '2022-09-05 03:17:39', '2022-09-05 03:17:39');
INSERT INTO `berita` (`id`, `judul`, `gambar`, `created_at`, `updated_at`) VALUES (82, 'SATPOL-PP KOTA BANJARMASIN. Melaksanakan Sosialisasi Perda tentang Penataan dan Pemberdayaan Pedagang Kaki Lima.', '05-09-2022-5607113.png', '2022-09-05 03:25:29', '2022-09-05 03:25:29');
INSERT INTO `berita` (`id`, `judul`, `gambar`, `created_at`, `updated_at`) VALUES (83, 'SATPOL-PP KOTA BANJARMASIN. Tabligh Akbar Bersama Ustadz Abdul Somad Dalam Rangka Memperingati Hari Jadi Kota Banjarmasin Ke 496 di Mesjid Ar - Raudhah di Jalan Sungai Andai.', '05-09-2022-8014114.png', '2022-09-05 03:27:46', '2022-09-05 03:27:46');
INSERT INTO `berita` (`id`, `judul`, `gambar`, `created_at`, `updated_at`) VALUES (84, 'SATPOL-PP KOTA BANJARMASIN. Anggota SATPOL-PP dan SATLINMAS mengikuti Gladi Sistem Pengamanan Kota (SISPAMKOTA) Banjarmasin yang digelar oleh Polresta Banjarmasin sebagai bentuk kesiap siagaan dalam rangka pengamanan Pemilu 2024.', '05-09-2022-6193115.png', '2022-09-05 03:30:00', '2022-09-05 03:30:00');
INSERT INTO `berita` (`id`, `judul`, `gambar`, `created_at`, `updated_at`) VALUES (85, 'SATPOL-PP KOTA BANJARMASIN. Giat Lanjutan Memberikan *SURAT TEGURAN III* kepada PKL disepanjang Jalan Pangeran Antasari yang berada diatas trotoar atau dibahu jalan maupun menambah bangunan yang menjorok sampai ketrotoar.', '05-09-2022-3180116.png', '2022-09-05 03:32:34', '2022-09-05 03:32:34');
INSERT INTO `berita` (`id`, `judul`, `gambar`, `created_at`, `updated_at`) VALUES (86, 'SATPOL PP KOTA BANJARMASIN. Giat kurvey di belakang halaman kantor satpol pp dan penertiban gepeng yang mangkal di trotoar, pkl mainan yang berjualan di trotoar dan ditinggalakn pemiliknya kawasan Jalan Hasan Basri serta pengecekan dipersimpangan kuripan kawasan Jalan A.Yani km 2.', '05-09-2022-1772117.png', '2022-09-05 03:36:32', '2022-09-05 03:36:32');
INSERT INTO `berita` (`id`, `judul`, `gambar`, `created_at`, `updated_at`) VALUES (87, 'SATPOL PP KOTA BANJARMASIN. Giat penertiban t-banner kawasan Jalan Kampung Melayu dan kawasan Jalan Malkon Temon dan kawasan Jalan Hasan Basri.', '05-09-2022-7840118.png', '2022-09-05 03:50:33', '2022-09-05 03:50:33');
INSERT INTO `berita` (`id`, `judul`, `gambar`, `created_at`, `updated_at`) VALUES (88, 'SATPOL-PP KOTA BANJARMASIN. Melaksanakan Giat Ptroli Secara Intens di Persimpangan Lampu Merah.', '05-09-2022-3167119.png', '2022-09-05 04:17:44', '2022-09-05 04:17:44');
INSERT INTO `berita` (`id`, `judul`, `gambar`, `created_at`, `updated_at`) VALUES (89, 'SATPOL-PP KOTA BANJARMASIN. Melaksanakan Giat Patroli Rutin Secara Mneyeluruh Ke Persimpangan Lampu Mera Kota.', '06-09-2022-737120.png', '2022-09-06 06:22:57', '2022-09-06 06:22:57');
INSERT INTO `berita` (`id`, `judul`, `gambar`, `created_at`, `updated_at`) VALUES (90, 'SATPOL-PP KOTA BANJARMASIN. Memberikan *SURAT TEGURAN PERTAMA* kepada PKL disepanjang Jalan Djok Mentaya. yang berada diatas trotoar atau dibahu jalan maupun menambah bangunan yang menjorok sampai ketrotoar.', '08-09-2022-6744121.png', '2022-09-08 00:14:05', '2022-09-08 00:14:05');
INSERT INTO `berita` (`id`, `judul`, `gambar`, `created_at`, `updated_at`) VALUES (91, 'SATPOL-PP KOTA BANJARMASIN. Walikota Banjarmasin H. Ibnu Sina., Memberikan Arahan Pada Kegiatan Pemeriksaan Tes Urine/Tes Narkoba Bagi Pegawai di Lingkungan Pemerintah Kota Banjarmasin yang Bertempat di Kantor Satuan Polisi Pamong Praja Kota Banjarmasin. Jalan Ks Stubun. Pemeriksaan ini di Ikuti Seluruh Personil Anggota Pejabat, ASN dan Non ASN.', '08-09-2022-5439122.png', '2022-09-08 00:16:09', '2022-09-08 00:16:09');
INSERT INTO `berita` (`id`, `judul`, `gambar`, `created_at`, `updated_at`) VALUES (92, 'SATPOL-PP KOTA BANJARMASIN. Melaksanakan sosialisasi kepada pedagang yang menambah / melebihi batas bangunan menjorok kebahu jalan, berjualan di bahu jalan, dan meletakkan plang namanya dibahu jalan kawasan sepanjang Jalan Vetran.', '08-09-2022-8099123.png', '2022-09-08 00:18:35', '2022-09-08 00:18:35');
INSERT INTO `berita` (`id`, `judul`, `gambar`, `created_at`, `updated_at`) VALUES (93, 'SATPOL-PP KOTA BANJARMASIN. Melaksanakan sosialisasi kepada pedagang yang menambah / melebihi batas bangunan menjorok kebahu jalan, berjualan di bahu jalan, dan meletakkan plang namanya dibahu jalan kawasan sepanjang Jalan Vetran.', '08-09-2022-6347124.png', '2022-09-08 00:21:05', '2022-09-08 00:21:05');
INSERT INTO `berita` (`id`, `judul`, `gambar`, `created_at`, `updated_at`) VALUES (94, 'SATPOL-PP KOTA BANJARMASIN. Memberikan *SURAT TEGURAN PERTAMA* kepada PKL yang berada diatas trotoar atau dibahu jalan maupun menambah bangunan yang menjorok sampai ketrotoar di Sepanjang Jalan Belitung', '14-09-2022-8480125.png', '2022-09-14 06:26:12', '2022-09-14 06:26:12');
INSERT INTO `berita` (`id`, `judul`, `gambar`, `created_at`, `updated_at`) VALUES (95, 'SATPOL-PP KOTA BANJARMASIN. Menyikapi Laporan dari Dinas Perhubungan Perihal Peneguran Kios-Kios yang Tidak Mempunyai izin dan Mengganggu Akses Pembangunan di Kampung Ketupat.', '14-09-2022-8710126.png', '2022-09-14 06:28:28', '2022-09-14 06:28:28');
INSERT INTO `berita` (`id`, `judul`, `gambar`, `created_at`, `updated_at`) VALUES (96, 'SATPOL-PP KOTA BANJARMASIN. Melaksanakan Kegiatan Rapat koordinasi antar lembaga terhadap Pelaksanaan Perda kota Banjarmasin Nomor 16 Tahun 2014 tentang Penyelenggaraan Reklame Di Aula Kantor Satpol PP Kota Banjarmasin', '14-09-2022-482127.png', '2022-09-14 06:31:16', '2022-09-14 06:31:16');
INSERT INTO `berita` (`id`, `judul`, `gambar`, `created_at`, `updated_at`) VALUES (97, 'SATPOL PP KOTA BANJARMASIN. Giat Sosialisasi kepada pedagang yang menambah / melebihi batas bangunan menjorok kebahu jalan, berjualan di bahu jalan, dan meletakkan plang namanya dibahu jalan kawasan sepanjang Jalan Vetran.', '14-09-2022-3252128.png', '2022-09-14 06:35:07', '2022-09-14 06:35:07');
INSERT INTO `berita` (`id`, `judul`, `gambar`, `created_at`, `updated_at`) VALUES (98, 'SATPOL-PP KOTA BANJARMASIN. Giat Patroli Rutin Satuan Polisi Pamong Praja Kota Banjarmasin.', '14-09-2022-8432129.png', '2022-09-14 06:37:25', '2022-09-14 06:37:25');
INSERT INTO `berita` (`id`, `judul`, `gambar`, `created_at`, `updated_at`) VALUES (99, 'SATPOL-PP KOTA BANJARMASIN. Giat Sosialisasi kepada pedagang yang menambah / melebihi batas bangunan menjorok kebahu jalan, berjualan di bahu jalan, dan meletakkan plang namanya dibahu jalan kawasan sepanjang Jalan Vetran.', '14-09-2022-8612130.png', '2022-09-14 06:39:13', '2022-09-14 06:39:13');
INSERT INTO `berita` (`id`, `judul`, `gambar`, `created_at`, `updated_at`) VALUES (100, 'SATPOL-PP KOTA BANJARMASIN. Melaksanakan Patroli Rutin Keliling Kota Banjarmasin.', '14-09-2022-6026131.png', '2022-09-14 06:40:48', '2022-09-14 06:40:48');
INSERT INTO `berita` (`id`, `judul`, `gambar`, `created_at`, `updated_at`) VALUES (101, 'SATPOL-PP KOTA BANJARMASIN. Pengawasan THM Terkait Larangan Beroperasi Pada Malam Jum\'at dan Malam Keagamaan.', '14-09-2022-6128132.png', '2022-09-14 06:43:35', '2022-09-14 06:43:35');
INSERT INTO `berita` (`id`, `judul`, `gambar`, `created_at`, `updated_at`) VALUES (102, 'SATPOL-PP KOTA BANJARMASIN. Melaksanakan Kegiatan Penertiban dan Peneguran Kepada Tempat Membuat Rombong yang Meletakkan Rombongnya di Bahu Jalan. Jalan Pangeran Hidayatullah.', '14-09-2022-8845133.png', '2022-09-14 06:47:37', '2022-09-14 06:47:37');
INSERT INTO `berita` (`id`, `judul`, `gambar`, `created_at`, `updated_at`) VALUES (103, 'SATPOL-PP KOTA BANJARMASIN. Melaksanakan Giat Patroli Rutin Pengawasan dan Pengecekan Secara Berkelanjutan di Setiap Persimpangan Lampu Merah Jalan.', '14-09-2022-7266134.png', '2022-09-14 06:49:45', '2022-09-14 06:49:45');
INSERT INTO `berita` (`id`, `judul`, `gambar`, `created_at`, `updated_at`) VALUES (104, 'SATPOL-PP KOTA BANJARMASIN. Melaksanakan penertiban dan pembagian Surat SP 3 kepada pkl yang berada di kawasan jalan Pangeran Antasari.', '14-09-2022-9612135.png', '2022-09-14 06:52:51', '2022-09-14 06:52:51');
INSERT INTO `berita` (`id`, `judul`, `gambar`, `created_at`, `updated_at`) VALUES (105, 'SATPOL-PP KOTA BANJARMASIN. Melaksanakan Giat berkelanjutan Penertiban dan pelepasan T-Banner yang habis masa berlakunya Dikawasan Jalan H Hasan Basry.', '14-09-2022-9910136.png', '2022-09-14 06:54:51', '2022-09-14 06:54:51');
INSERT INTO `berita` (`id`, `judul`, `gambar`, `created_at`, `updated_at`) VALUES (106, 'SATPOL-PP KOTA BANJARMASIN. Giat Sosialisasi kepada pedagang yang menambah / melebihi batas bangunan menjorok kebahu jalan, berjualan di bahu jalan, dan meletakkan plang namanya dibahu jalan kawasan sepanjang Jalan Vetran (Ayana 1).', '14-09-2022-2599137.png', '2022-09-14 06:59:31', '2022-09-14 06:59:31');
INSERT INTO `berita` (`id`, `judul`, `gambar`, `created_at`, `updated_at`) VALUES (107, 'SATPOL-PP KOTA BANJARMASIN. Giat Lanjutan Memberikan *SURAT TEGURAN KE DUA* kepada PKL disepanjang Jalan Djok Mentaya. yang berada diatas trotoar atau dibahu jalan maupun menambah bangunan yang menjorok sampai ketrotoar.', '14-09-2022-5706138.png', '2022-09-14 07:01:17', '2022-09-14 07:01:17');
INSERT INTO `berita` (`id`, `judul`, `gambar`, `created_at`, `updated_at`) VALUES (108, 'SATPOL-PP KOTA BANJARMASIN. Melaksanakan giat pengecekan & penertiban kpd Pengamen yg melakukan aktivitas di simp. 4 lampu merah Veteran dan Becak yg mangkal di bahu jalan dikawasan Pasar Sudimampir.', '16-09-2022-6463139.png', '2022-09-16 00:23:35', '2022-09-16 00:23:35');
INSERT INTO `berita` (`id`, `judul`, `gambar`, `created_at`, `updated_at`) VALUES (109, 'SATPOL-PP KOTA BANJARMASIN. Sosialisasi kepada pedagang yang menambah / melebihi batas bangunan menjorok kebahu jalan, berjualan di bahu jalan, dan meletakkan plang namanya dibahu jalan kawasan sepanjang Jalan Vetran (Ayani 1).', '16-09-2022-3839140.png', '2022-09-16 00:27:39', '2022-09-16 00:27:39');
INSERT INTO `berita` (`id`, `judul`, `gambar`, `created_at`, `updated_at`) VALUES (110, 'SATPOL-PP KOTA BANJARMSIN. Giat Sosialisasi kepada pedagang yang menambah / melebihi batas bangunan menjorok kebahu jalan, berjualan di bahu jalan, dan meletakkan plang namanya dibahu jalan kawasan sepanjang Jalan Vetran (Ayani 1) dan Pengecekan IMB yang berada dikawasan Komplek Dasa Maya. Jalan HKSN.', '16-09-2022-4083141.png', '2022-09-16 00:30:51', '2022-09-16 00:30:51');
INSERT INTO `berita` (`id`, `judul`, `gambar`, `created_at`, `updated_at`) VALUES (111, 'SATPOL-PP KOTA BANJARMASIN. Kordinasi kepada Kelurahan Sungai Bilu, laporan warga yang melalui aplikasi E-Lapor perihal penjual Alkohol / aldo di kawasan Jalan Simpang Sungai Bilu.', '16-09-2022-6592142.png', '2022-09-16 00:32:55', '2022-09-16 00:32:55');
INSERT INTO `berita` (`id`, `judul`, `gambar`, `created_at`, `updated_at`) VALUES (112, 'SATPOL-PP KOTA BANJARMASIN. Memberikan *SURAT TEGURAN KEDUA* kepada PKL yang berada diatas trotoar atau dibahu jalan maupun menambah bangunan yang menjorok sampai ketrotoar di Sepanjang Jalan Belitung.', '16-09-2022-6728143.png', '2022-09-16 00:34:33', '2022-09-16 00:34:33');
INSERT INTO `berita` (`id`, `judul`, `gambar`, `created_at`, `updated_at`) VALUES (113, 'SATPOL-PP KOTA BANJARMASIN. Menindak Lanjuti Laporan Masyarakat Perihal Perternakan Ayam yang Membuat Masyarakat Terganggu Jalan Banjar Indah.', '19-09-2022-8701144.png', '2022-09-19 01:51:45', '2022-09-19 01:51:45');
INSERT INTO `berita` (`id`, `judul`, `gambar`, `created_at`, `updated_at`) VALUES (114, 'SATPOL-PP KOTA BANJARMASIN. Menertibakan Bendera yang sengaja di Pasang di Atas Median Jalan di Sepanjang Jalan Ahmad Yani. Total Sejumlah 186 Bendera yang Diamankan Petugas.', '19-09-2022-4816145.png', '2022-09-19 01:53:41', '2022-09-19 01:53:41');
INSERT INTO `berita` (`id`, `judul`, `gambar`, `created_at`, `updated_at`) VALUES (115, 'SATPOL-PP KOTA BANJARMASIN. Melaksanakan kegiatan Bersih bersih di halaman depan dan belakang kantor Satpol PP Kota Banjarmasin.', '19-09-2022-4612146.png', '2022-09-19 01:56:52', '2022-09-19 01:56:52');
INSERT INTO `berita` (`id`, `judul`, `gambar`, `created_at`, `updated_at`) VALUES (116, 'SATPOL-PP KOTA BANJARMASIN. Melaksanakan pengawasan adanya potensi gangguan tibumtransmasy dibeberapa titik persimpangan kawasan lampu merah dan di beberap titik kawasan siring di kota banjarmasin.', '19-09-2022-2916147.png', '2022-09-19 01:58:57', '2022-09-19 01:58:57');
INSERT INTO `berita` (`id`, `judul`, `gambar`, `created_at`, `updated_at`) VALUES (117, 'SATPOL-PP KOTA BANJARMASIN. Giat pengawasan adanya potensi gangguan tibumtransmasy dibeberapa titik persimpangan kawasan lampu merah dan di kawasan siring rk ilir di kota banjarmasin dan penertiban T-banner yang salah penempatan kawasan Jqlan Hasan Basri.', '23-09-2022-1712148.png', '2022-09-23 11:54:11', '2022-09-23 11:54:11');
INSERT INTO `berita` (`id`, `judul`, `gambar`, `created_at`, `updated_at`) VALUES (118, 'SATPOL-PP KOTA BANJARMASIN. Melaksanakan kegiatan penertiban kepada Anjal.', '23-09-2022-6844149.png', '2022-09-23 11:57:22', '2022-09-23 11:57:22');
INSERT INTO `berita` (`id`, `judul`, `gambar`, `created_at`, `updated_at`) VALUES (119, 'SATPOL-PP KOTA BANJARMASIN. Giat pengawasan adanya potensi gangguan Tibumtransmasy dibeberapa titik persimpangan kawasan lampu merahdi, Hasan Basri dan kawasan Jalan Sultan Adam.', '23-09-2022-6553150.png', '2022-09-23 12:01:00', '2022-09-23 12:01:00');
INSERT INTO `berita` (`id`, `judul`, `gambar`, `created_at`, `updated_at`) VALUES (120, 'SATPOL-PP KOTA BANJARMASIN. Penertiban PKL yang melanggar ketentuan PERDA NOMOR 26 TAHUN 2012 TENTANG PENATAAN DAN PEMBERDAYAAN PEDAGANG KAKI LIMA.', '23-09-2022-3363151.png', '2022-09-23 12:03:11', '2022-09-23 12:03:11');
INSERT INTO `berita` (`id`, `judul`, `gambar`, `created_at`, `updated_at`) VALUES (121, 'SATPOL-PP KOTA BANJARMASIN. Giat pengawasan adanya potensi gangguan tibumtransmasy dibeberapa titik persimpangan kawasan lampu merah kota banjarmasin.', '23-09-2022-7505152.png', '2022-09-23 12:05:15', '2022-09-23 12:05:15');
INSERT INTO `berita` (`id`, `judul`, `gambar`, `created_at`, `updated_at`) VALUES (122, 'SATPOL-PP KOTA BANJARMASIN. Penertiban PKL di bahu jalan sepanjang Jalan Pangeran Samudera penertiban reklame habis masa berlaku, tidak memiliki izin atau salah penempatan dan pengawasan perempatan lampu merah supaya tidak ada aktifitas meminta minta ataupun mengamen.', '23-09-2022-7589153.png', '2022-09-23 12:08:09', '2022-09-23 12:08:09');
INSERT INTO `berita` (`id`, `judul`, `gambar`, `created_at`, `updated_at`) VALUES (123, 'SATPOL-PP KOTA BANJARMASIN. Penertiban Pengamen Jalan Rk ilir lampu merah turunan jembatan dan penertiban PKL di bahu jalan Djok Mentaya dan jalan Jendral Sudirman serta penertiban Reklame berupa Pamplet ditiang listrik jalan Belitung.', '23-09-2022-863154.png', '2022-09-23 12:11:13', '2022-09-23 12:11:13');
INSERT INTO `berita` (`id`, `judul`, `gambar`, `created_at`, `updated_at`) VALUES (124, 'SATPOL-PP KOTA BANJARMASIN. Melaksanakan Kegiatan Patroli Rutin serta pelepasan t-banner yang habis masa izinnya dan penertiban PKL yang berjualan di bahu jalan.', '23-09-2022-5388155.png', '2022-09-23 12:15:30', '2022-09-23 12:15:30');
INSERT INTO `berita` (`id`, `judul`, `gambar`, `created_at`, `updated_at`) VALUES (125, 'SATPOL-PP KOTA BANJARMASIN. Rabu, 21 September 2022 anggota SATPOL-PP Kota Banjarmasin mengikuti Pelatihan Fisik di pantai Batakan Baru.', '23-09-2022-9878156.png', '2022-09-23 12:17:12', '2022-09-23 12:17:12');
INSERT INTO `berita` (`id`, `judul`, `gambar`, `created_at`, `updated_at`) VALUES (126, 'SATPOL-PP KOTA BANJARMASIN. Melaksankan pengecekan THM yang dilarang beroperasional pada malam jumat.', '23-09-2022-3101157.png', '2022-09-23 12:19:31', '2022-09-23 12:19:31');
INSERT INTO `berita` (`id`, `judul`, `gambar`, `created_at`, `updated_at`) VALUES (127, 'SATPOL-PP KOTA BANJARMASIN. Membagikan Surat SP III Kepada Para Pedagang yang Berada di Atas Trotoar Jalan Atau Menambah Bangunan yang Menjorok Ke Trotoar Jalan Djok Mentaya dan Jalan Belitung.', '23-09-2022-7955158.png', '2022-09-23 13:05:52', '2022-09-23 13:05:52');
INSERT INTO `berita` (`id`, `judul`, `gambar`, `created_at`, `updated_at`) VALUES (128, 'SATPOL-PP KOTA BANJARMASIN. Secara Berkelanjutan Melaksanakan Penertiban dan Peneguran Kepada Para PKL yang Masih Menggunakan Trotoar Sebagai Tempat Berjualan. Pasar Pagi Jalan Kolonel Sugiono.', '23-09-2022-7462159.png', '2022-09-23 13:07:22', '2022-09-23 13:07:22');
INSERT INTO `berita` (`id`, `judul`, `gambar`, `created_at`, `updated_at`) VALUES (129, 'SATPOL-PP KOTA BANJARMASIN. Giat penertiban pedagang yang plang namanya berada di atas trotoar dan neon box yang berada di bahu jalan, kawasan Jalan Hasan Basri.', '28-09-2022-2828160.png', '2022-09-28 05:46:12', '2022-09-28 05:46:12');
INSERT INTO `berita` (`id`, `judul`, `gambar`, `created_at`, `updated_at`) VALUES (130, 'SATPOL-PP KOTA BANJARMASIN. PAM Konferensi Pers Hari Jadi Ke-496 Kota Banjarmasin, di Kampung Ketupat, Jalan Sungai Baru.', '28-09-2022-4103161.png', '2022-09-28 05:48:07', '2022-09-28 05:48:07');
INSERT INTO `berita` (`id`, `judul`, `gambar`, `created_at`, `updated_at`) VALUES (131, 'SATPOL-PP KOTA BANJARMASIN. Gowes Hari Jadi ke 496 Kota Banjarmasin Baiman Bauntung Batuah.', '28-09-2022-718162.png', '2022-09-28 05:51:09', '2022-09-28 05:51:09');
INSERT INTO `berita` (`id`, `judul`, `gambar`, `created_at`, `updated_at`) VALUES (132, 'SATPOL-PP KOTA BANJARMASIN. Pelepasan bendera PMII (Pergerakan Mahasiswa Islam Indonesia) yg salah penempatan & pemasangannya yang berada di Sepanjang Jalan Hasan Basri.', '28-09-2022-4223163.png', '2022-09-28 05:52:02', '2022-09-28 05:52:02');
INSERT INTO `berita` (`id`, `judul`, `gambar`, `created_at`, `updated_at`) VALUES (133, 'SATPOL-PP KOTA BANJARMASIN. Giat pengawasan di beberapa titik persimpangan.', '28-09-2022-2789164.png', '2022-09-28 05:55:05', '2022-09-28 05:55:05');
INSERT INTO `berita` (`id`, `judul`, `gambar`, `created_at`, `updated_at`) VALUES (134, 'SATPOL-PP KOTA BANJARMASIN. PAM acara Tasyakuran dan Shalat Hajat dalam rangka Hari jadi Kota Banjarmasin yang ke 496 tahun diMesjid Haur Kuning Kelayan B.', '28-09-2022-16165.png', '2022-09-28 05:56:08', '2022-09-28 05:56:08');
INSERT INTO `berita` (`id`, `judul`, `gambar`, `created_at`, `updated_at`) VALUES (135, 'SATPOL-PP KOTA BANJARMASIN. PAM Ziarah diMakam Sultan Suriansyah dalam rangka Hari Jadi ke 496 Tahun Kota Banjarmasin.', '28-09-2022-8748166.png', '2022-09-28 05:58:54', '2022-09-28 05:58:54');
INSERT INTO `berita` (`id`, `judul`, `gambar`, `created_at`, `updated_at`) VALUES (136, 'SATPOL-PP KOTA BANJARMASIN.', '28-09-2022-3909167.png', '2022-09-28 06:00:19', '2022-09-28 06:00:19');
INSERT INTO `berita` (`id`, `judul`, `gambar`, `created_at`, `updated_at`) VALUES (137, 'SATPOL-PP KOTA BANJARMASIN. PAM Acara Ziarah Makam Sultan Suriansyah dalam rangka Hari Jadi ke-496 Kota Banjarmasin Jalan Kuin Utara.', '28-09-2022-6854168.png', '2022-09-28 06:02:28', '2022-09-28 06:02:28');
INSERT INTO `berita` (`id`, `judul`, `gambar`, `created_at`, `updated_at`) VALUES (138, 'SATPOL-PP KOTA BANJARMASIN. Melaksanakan kegiatan Pengecekkan dan pengawasan adanya potensi gangguan Tibumtranmasy dikawasan Siring Pemko (negatif PKL) Jalan RE Martadinata.', '28-09-2022-8160169.png', '2022-09-28 06:04:14', '2022-09-28 06:04:14');
INSERT INTO `berita` (`id`, `judul`, `gambar`, `created_at`, `updated_at`) VALUES (139, 'SATPOL-PP KOTA BANJARMASIN. Melaksanakn Penertiban dan Peneguran Kepada PKL yang Masih Menggunakan Bahu Jalan Sebagai Tempat Berjualan, Jalan Perdagangan.', '28-09-2022-1108170.png', '2022-09-28 06:05:34', '2022-09-28 06:05:34');
INSERT INTO `berita` (`id`, `judul`, `gambar`, `created_at`, `updated_at`) VALUES (140, 'SATPOL-PP KOTA BANJARMASIN. Melakukan Penertiban dan Peneguran Kepada Pengepul Barang Bekas yang Manarug Barang Bekasnya di Bahu Jalan, Jalan Lingkar Dalam Selatan.', '28-09-2022-7649171.png', '2022-09-28 06:07:15', '2022-09-28 06:07:15');
INSERT INTO `berita` (`id`, `judul`, `gambar`, `created_at`, `updated_at`) VALUES (141, 'SATPOL-PP KOTA BANJARMASIN. Giat penertiban pkl yang berjualan di bahu jalan kawasan taman kamboja dan jalan ahmad yani km 2 dan kawasan pandan sari.', '03-10-2022-3100172.png', '2022-10-03 02:28:29', '2022-10-03 02:28:29');
INSERT INTO `berita` (`id`, `judul`, `gambar`, `created_at`, `updated_at`) VALUES (142, 'SATPOL-PP KOTA BANJARMASIN. Giat pengawasan adanya potensi gangguan tibumtransmasy dibeberapa titik persimpangan kawasan lampu merah, dikawasan siring ketupat , dan dikawasan siring pemko serta persimpangan lampu merah tarakan.', '03-10-2022-6212173.png', '2022-10-03 02:34:43', '2022-10-03 02:34:43');
INSERT INTO `berita` (`id`, `judul`, `gambar`, `created_at`, `updated_at`) VALUES (143, 'SATPOL-PP KOTA BANJARMASIN. Giat penertiban pkl yang berjualan di atas siring, kawasan siring tendean.', '03-10-2022-1972174.png', '2022-10-03 02:35:38', '2022-10-03 02:35:38');
INSERT INTO `berita` (`id`, `judul`, `gambar`, `created_at`, `updated_at`) VALUES (144, 'SATPOL-PP KOTA BANJARMASIN. Memback up kegiatan acara pekan raya banjarmasin dikawasan siring menara pandang.', '03-10-2022-5436175.png', '2022-10-03 02:38:10', '2022-10-03 02:38:10');
INSERT INTO `berita` (`id`, `judul`, `gambar`, `created_at`, `updated_at`) VALUES (145, 'SATPOL-PP KOTA BANJARMASIN. PAM kegiatan pengamanan, pengawasan Acara Festival Jukung Hias Tanglong dalam rangka Hari Jadi Kota Banjarmasin ke 496 di Siring Menara Pandang. Jalan Kapten Piere Tendean.', '03-10-2022-9807176.png', '2022-10-03 02:40:11', '2022-10-03 02:40:11');
INSERT INTO `berita` (`id`, `judul`, `gambar`, `created_at`, `updated_at`) VALUES (146, 'SATPOL-PP KOTA BANJARMASIN. Pengawasan persimpangan lampu merah.', '03-10-2022-9178177.png', '2022-10-03 02:42:23', '2022-10-03 02:42:23');
INSERT INTO `berita` (`id`, `judul`, `gambar`, `created_at`, `updated_at`) VALUES (147, 'SATPOL-PP KOTA BANJARMASIN. Penyajian Wadai 41 macam Khas Banjarmasin dalam rangka hari jadi Kota Banjarmasin Ke-496 Tahun, di siring menara pandang.', '03-10-2022-7755178.png', '2022-10-03 02:44:22', '2022-10-03 02:44:22');
INSERT INTO `berita` (`id`, `judul`, `gambar`, `created_at`, `updated_at`) VALUES (148, 'SATPOL-PP KOTA BANJARMASIN. Giat penertiban Gepeng dan badut yang melakukan aktivitas dipersimpangan kawasan lampu merah pal glow/cemara, dan diantar kerumah singgah u tuk dilakukan pembinaan dan mengantar odgj untuk diantar ke rs sambang lihum.', '03-10-2022-6916179.png', '2022-10-03 02:46:25', '2022-10-03 02:46:25');
INSERT INTO `berita` (`id`, `judul`, `gambar`, `created_at`, `updated_at`) VALUES (149, 'SATPOL PP KOTA BANJARMASIN. PAM acara penebaran bibit ikan di siring tendean dan menindak lanjuti laporan perihal badut yang berda di depan minimarket, dan diantar kerumah singgah untuk diberikan pembinaan.', '03-10-2022-6778180.png', '2022-10-03 02:48:24', '2022-10-03 02:48:24');
INSERT INTO `berita` (`id`, `judul`, `gambar`, `created_at`, `updated_at`) VALUES (150, 'SATPOL-PP KOTA BANJARMASIN. Tim Patroli Cepat Melaksanakan kegiatan pengawalan Bapak Walikota ke Makam Sultan Suriansyah dalam rangka Hari Jadi ke 496 Tahun Kota Banjarmasin.', '03-10-2022-200181.png', '2022-10-03 02:50:12', '2022-10-03 02:50:12');
INSERT INTO `berita` (`id`, `judul`, `gambar`, `created_at`, `updated_at`) VALUES (151, 'SATPOL-PP KOTA BANJARMASIN. Tim Patroli Cepat Melaksanakan kegiatan pengawalan Bapak Walikota dan Wakil Walikota ke Siring Menara Pandang dalam rangka Hari Jadi Kota Banjarmasin ke 496 Tahun.', '03-10-2022-6506182.png', '2022-10-03 02:51:58', '2022-10-03 02:51:58');
INSERT INTO `berita` (`id`, `judul`, `gambar`, `created_at`, `updated_at`) VALUES (152, 'SATPOL-PP KOTA BANJARMASIN. Melaksanakan kegiatan pengamanan, pengawasan Acara Banjarmasin Sasirangan Festival dalam rangka Hari Jadi Kota Banjarmasin ke 496, Jalan RE Martadinata.', '03-10-2022-7761183.png', '2022-10-03 02:53:45', '2022-10-03 02:53:45');
INSERT INTO `berita` (`id`, `judul`, `gambar`, `created_at`, `updated_at`) VALUES (153, 'SATPOL-PP KOTA BANJARMASIN. Tim Patroli Cepat Melaksanakan kegiatan pengawalan Walikota ke Pemko Banjarmasin dalam Rangka Carnaval Sasirangan Hari Jadi Kota Banjarmasin ke 496 Tahun.', '03-10-2022-1095184.png', '2022-10-03 02:55:41', '2022-10-03 02:55:41');
INSERT INTO `berita` (`id`, `judul`, `gambar`, `created_at`, `updated_at`) VALUES (154, 'SATPOL-PP KOTA BANJARMASIN. PAM acra Banjarmasin EXPO disiring tendean.', '04-10-2022-1835185.png', '2022-10-04 06:29:55', '2022-10-04 06:29:55');
INSERT INTO `berita` (`id`, `judul`, `gambar`, `created_at`, `updated_at`) VALUES (155, 'SATPOL-PP KOTA BANJARMASIN. Mengembalikan fungsi trotoar sebagai sarana publik, kawasan teluk kelayan.', '04-10-2022-2917186.png', '2022-10-04 06:31:29', '2022-10-04 06:31:29');
INSERT INTO `berita` (`id`, `judul`, `gambar`, `created_at`, `updated_at`) VALUES (156, 'SATPOL-PP KOTA BANJARMASIN. Mengembalikan Fungsi Bahu Jalan, Untuk Pejalan Kaki di sepanjang Jalan Sultan Adam.', '04-10-2022-5276187.png', '2022-10-04 08:02:23', '2022-10-04 08:02:23');
INSERT INTO `berita` (`id`, `judul`, `gambar`, `created_at`, `updated_at`) VALUES (157, 'SATPOL-PP KOTA BANJARMASIN. Melaksanakan Kegiatan Rutin melakukan Pengecekan dan Pengawasan di wilayah kota Banjarmasin.', '07-10-2022-8655188.png', '2022-10-07 01:23:58', '2022-10-07 01:23:58');
INSERT INTO `berita` (`id`, `judul`, `gambar`, `created_at`, `updated_at`) VALUES (158, 'SATPOL-PP KOTA BANJARMASIN. Melaksanakan Kunjungan Kordinasi adanya Laporan Masyarakat Perihal PKL disekitaran Kelurahan Sungai Miai. Jalan Cendana I (Hasan Basry).', '10-10-2022-2935189.png', '2022-10-10 04:09:19', '2022-10-10 04:09:19');
INSERT INTO `berita` (`id`, `judul`, `gambar`, `created_at`, `updated_at`) VALUES (159, 'SATPOL-PP KOTA BANJARMASIN. Giat pengawasan di beberapa titik persimpangan kawasan lampu merah kota banjarmasin.', '10-10-2022-4254190.png', '2022-10-10 04:12:12', '2022-10-10 04:12:12');
INSERT INTO `berita` (`id`, `judul`, `gambar`, `created_at`, `updated_at`) VALUES (160, 'SATPOL-PP KOTA BANJARMASIN. giat pengawasan di beberapa titik kawasan siring kota banjarmasin.', '10-10-2022-7733191.png', '2022-10-10 04:15:54', '2022-10-10 04:15:54');
INSERT INTO `berita` (`id`, `judul`, `gambar`, `created_at`, `updated_at`) VALUES (161, 'SATPOL-PP KOTA BANJARMASIN. Penertiban penumpukan sampah.', '10-10-2022-4115192.png', '2022-10-10 04:19:16', '2022-10-10 04:19:16');
INSERT INTO `berita` (`id`, `judul`, `gambar`, `created_at`, `updated_at`) VALUES (162, 'SATPOL-PP KOTA BANJARMASIN. Melaksanakan Giat Patroli Rutin.', '10-10-2022-8263193.png', '2022-10-10 04:21:22', '2022-10-10 04:21:22');
INSERT INTO `berita` (`id`, `judul`, `gambar`, `created_at`, `updated_at`) VALUES (163, 'SATPOL-PP KOTA BANJARMASIN. Melaksanakan Pengaman Acara Maulid Nabi Muhammad SAW yang di Adakan di Mesjid Jami.', '10-10-2022-2268194.png', '2022-10-10 04:23:21', '2022-10-10 04:23:21');
INSERT INTO `berita` (`id`, `judul`, `gambar`, `created_at`, `updated_at`) VALUES (164, 'SATPOL-PP KOTA BANJARMASIN. Giat pengawasan dibeberapa titik persimpangan kawasan lampu merah kota banjarmasin Dan penertiban pkl tisu yang berjualan dikawasan depan mesjid sabilal, jalan jendral sudirman.', '10-10-2022-5669195.png', '2022-10-10 04:25:12', '2022-10-10 04:25:12');
INSERT INTO `berita` (`id`, `judul`, `gambar`, `created_at`, `updated_at`) VALUES (165, 'SATPOL-PP KOTA BANJARMASIN. Melaksanakan Giat Patroli Rutin.', '10-10-2022-4620196.png', '2022-10-10 04:27:02', '2022-10-10 04:27:02');
INSERT INTO `berita` (`id`, `judul`, `gambar`, `created_at`, `updated_at`) VALUES (166, 'SATPOL-PP KOTA BANJARMASIN. Mengantarkan ODGJ ke sambang lihum atas permintaan pihak keluarga dan melaksanakan koordinasi dengan pihak keamanan hotel terkait penginapan peserta MTQ ke Banjarmasin', '11-10-2022-2231197.png', '2022-10-11 01:34:35', '2022-10-11 01:34:35');
INSERT INTO `berita` (`id`, `judul`, `gambar`, `created_at`, `updated_at`) VALUES (167, 'SATPOL-PP KOTA BANJARMASIN. Melaksanakan kegiatan kurvey di halaman belakang kantor Satpol PP Kota Banjarmasin.', '12-10-2022-4501198.png', '2022-10-12 00:48:53', '2022-10-12 00:48:53');
INSERT INTO `berita` (`id`, `judul`, `gambar`, `created_at`, `updated_at`) VALUES (168, 'SATPOL-PP KOTA BANJARMASIN. Melaksanakan Sosialisasi terhadap PKL-PKL yang masih berjualan dibahu Jalan kawasan Cendana.', '12-10-2022-6161199.png', '2022-10-12 02:54:47', '2022-10-12 02:54:47');
INSERT INTO `berita` (`id`, `judul`, `gambar`, `created_at`, `updated_at`) VALUES (169, 'SATPOL-PP KOTA BANJARMASIN. Penyerahan Tembusan Penyerahan Surat Peringatan Yustisi PKL Pemantauan Kafilah MTQ 2022.', '12-10-2022-4376200.png', '2022-10-12 02:56:16', '2022-10-12 02:56:16');
INSERT INTO `berita` (`id`, `judul`, `gambar`, `created_at`, `updated_at`) VALUES (170, 'SATPOL-PP KOTA BANJARMASIN. Pengecekan Kembali Keamanan Trantibumlinmas di Penginapan atau Hotel Kafilah MTQ yang ada di Kota Banjarmasin Tahun 2022 dan Sosialisasi Kembali terhadap PKL-PKL dikawasan Cendana.', '14-10-2022-4333201.png', '2022-10-14 00:34:03', '2022-10-14 00:34:03');
INSERT INTO `berita` (`id`, `judul`, `gambar`, `created_at`, `updated_at`) VALUES (171, 'SATPOL-PP KOTA BANJARMASIN. Penertiban PKL dan pemantauan kafilah MTQ XXIX.', '14-10-2022-3329202.png', '2022-10-14 03:13:21', '2022-10-14 03:13:21');
INSERT INTO `berita` (`id`, `judul`, `gambar`, `created_at`, `updated_at`) VALUES (172, 'SATPOL-PP KOTA BANJARMASIN. Pengecekan Keamanan Trantibumlinmas di penginapan atau Hotel Kafilah MTQ yang ada di Kota Banjarmasin Tahun 2022.', '18-10-2022-3841203.png', '2022-10-18 00:20:39', '2022-10-18 00:20:39');
INSERT INTO `berita` (`id`, `judul`, `gambar`, `created_at`, `updated_at`) VALUES (173, 'SATPOL-PP KOTA BANJARMASIN. Pengecekan MTQ KHALIFAH SULAWESI UTARA di hotel ZURI EXPRESS dan Pengecekan tempat acara Lomba MTQ NASIONAL TAHFIZ 10 20 di aula Mesjid Jami.', '18-10-2022-3536204.png', '2022-10-18 01:52:43', '2022-10-18 01:52:43');
INSERT INTO `berita` (`id`, `judul`, `gambar`, `created_at`, `updated_at`) VALUES (174, 'SATPOL-PP KOTA BANJARMASIN. Penertiban pkl  gepeng dikawasan persimpang lampu merah KNPI dan becak yang mangkal dikawasan jjalan A. yani.', '18-10-2022-2360205.png', '2022-10-18 02:05:02', '2022-10-18 02:05:02');
INSERT INTO `berita` (`id`, `judul`, `gambar`, `created_at`, `updated_at`) VALUES (175, 'SATPOL-PP KOTA BANJARMASIN. penertiban pkl buah jeruk yang berjualan di bahu jalan kawasan Jalan Belitung dan mengantar odgj kerumah singgah dinas sosial. Jalan Gubernur Soebardjo.', '18-10-2022-5716206.png', '2022-10-18 02:15:19', '2022-10-18 02:15:19');
INSERT INTO `berita` (`id`, `judul`, `gambar`, `created_at`, `updated_at`) VALUES (176, 'SATPOL-PP KOTA BANJARMASIN. Penertiban pedagang di sepanjang kawasan jalan ks tubun dan mengembalikan fungsi trotoar sebagai sarana publik penertiban tuna wisma yang melakukan aktivitas ditaman ks tubun.', '18-10-2022-1899207.png', '2022-10-18 02:19:50', '2022-10-18 02:19:50');
INSERT INTO `berita` (`id`, `judul`, `gambar`, `created_at`, `updated_at`) VALUES (177, 'SATPOL-PP KOTA BANJARMASIN. Pengecekan kembali keamanan Trantibumlinmas dan penginapan atau hotel kafilah MTQ yang ada di Kota Banjarmasin Tahun 2022.', '19-10-2022-9683208.png', '2022-10-19 00:59:33', '2022-10-19 00:59:33');
INSERT INTO `berita` (`id`, `judul`, `gambar`, `created_at`, `updated_at`) VALUES (178, 'SATPOL-PP KOTA BANJARMASIN. Pengecekan kembali keamanan Trantibumlinmas dan penginapan atau hotel kafilah MTQ yang ada di Kota Banjarmasin Tahun 2022.', '19-10-2022-3778209.png', '2022-10-19 01:03:19', '2022-10-19 01:03:19');
INSERT INTO `berita` (`id`, `judul`, `gambar`, `created_at`, `updated_at`) VALUES (179, 'SATPOL-PP KOTA BANJARMASIN. Menindaklanjuti laporan dari masyarakat Tentang Gelandangan yang berada di Taman Dekat Jembatan Kelayan, dan diantar Kerumah Singgah Baiman Kota Banjarmasin.', '20-10-2022-3191210.png', '2022-10-20 00:57:10', '2022-10-20 00:57:10');
INSERT INTO `berita` (`id`, `judul`, `gambar`, `created_at`, `updated_at`) VALUES (180, 'SATPOL-PP KOTA BANJARMASIN. Giat yustisi di beberapa titik Tps kawasan banjarmasin.', '24-10-2022-9535211.png', '2022-10-24 06:36:40', '2022-10-24 06:36:40');
INSERT INTO `berita` (`id`, `judul`, `gambar`, `created_at`, `updated_at`) VALUES (181, 'SATPOL-PP KOTA BANJARMASIN. Melaksanakan Pengecekan Siring Kampung Ketupat & Ex. KWK Mandiri samping Ex. Roberta.', '24-10-2022-1711212.png', '2022-10-24 06:39:03', '2022-10-24 06:39:03');
INSERT INTO `berita` (`id`, `judul`, `gambar`, `created_at`, `updated_at`) VALUES (182, 'SATPOL-PP KOTA BANJARMASIN. Melaksanakan kegiatan Pengecekkan dan pengawasan adanya potensi gangguan Tibumtranmasy dikawasan Persimpangan diwilayah Kota Banjarmasin.', '24-10-2022-7364213.png', '2022-10-24 06:40:57', '2022-10-24 06:40:57');
INSERT INTO `berita` (`id`, `judul`, `gambar`, `created_at`, `updated_at`) VALUES (183, 'SATPOL-PP KOTA BANJARMASIN. Giat yustisi di beberapa titik Tps kawasan Banjarmasin.', '24-10-2022-191214.png', '2022-10-24 06:42:55', '2022-10-24 06:42:55');
INSERT INTO `berita` (`id`, `judul`, `gambar`, `created_at`, `updated_at`) VALUES (184, 'SATPOL-PP KOTA BANJARMASIN. Anggota Satpol PP Melaksanakan PAM acara Napak Tilas Jejak Pahlawan Bagi Pemuda Tingkat Kota Banjarmasin Tahun 2022.', '24-10-2022-5654215.png', '2022-10-24 06:44:54', '2022-10-24 06:44:54');
INSERT INTO `berita` (`id`, `judul`, `gambar`, `created_at`, `updated_at`) VALUES (185, 'SATPOL-PP KOTA BANJARMASIN. Rapat Forum Kewaspadaan Dini.', '25-10-2022-3382216.png', '2022-10-25 01:32:21', '2022-10-25 01:32:21');
INSERT INTO `berita` (`id`, `judul`, `gambar`, `created_at`, `updated_at`) VALUES (186, 'SATPOL-PP KOTA BANJARMASIN. Melaksanakan kegiatan lanjutan Pengecekkan dan pengawasan adanya potensi gangguan Tibumtranmasy dikawasan Persimpangan diwilayah Kota Banjarmasin.', '25-10-2022-2406217.png', '2022-10-25 01:34:21', '2022-10-25 01:34:21');
INSERT INTO `berita` (`id`, `judul`, `gambar`, `created_at`, `updated_at`) VALUES (187, 'SATPOL-PP KOTA BANJARMASIN. Melaksanakan Kegiatan Patroli di Wilayah Banjarmasin Timur dan Banjarmasin Selatan.', '27-10-2022-3321218.png', '2022-10-27 02:05:14', '2022-10-27 02:05:14');
INSERT INTO `berita` (`id`, `judul`, `gambar`, `created_at`, `updated_at`) VALUES (188, 'SATPOL-PP KOTA BANJARMASIN. Melaksanakan Kegiatan Penertiban dan Peneguran Kepada Pemilik Bangunan yang Berada di Bahu Jalan Lingkar Dalam Selatan, Dengan Mungutamakan Sifat Humanis Petugas Memberikan Peneguran.', '27-10-2022-3839219.png', '2022-10-27 02:08:15', '2022-10-27 02:08:15');
INSERT INTO `berita` (`id`, `judul`, `gambar`, `created_at`, `updated_at`) VALUES (189, 'SATPOL-PP KOTA BANJARMASIN. Melaksanakan Kegiatan Penyegelan Toko Mendampingi Dinas Perdagangan, di Sejumlah Pusat Perbelanjaan.', '27-10-2022-3206220.png', '2022-10-27 02:10:15', '2022-10-27 02:10:15');
INSERT INTO `berita` (`id`, `judul`, `gambar`, `created_at`, `updated_at`) VALUES (190, 'SATPOL-PP KOTA BANJARMASIN. Sosialisasi Perda No. 20 Tahun 2009 Tentang Izin Usaha Depot Air Minum.', '30-10-2022-500221.png', '2022-10-30 23:56:19', '2022-10-30 23:56:19');
INSERT INTO `berita` (`id`, `judul`, `gambar`, `created_at`, `updated_at`) VALUES (191, 'SATPOL-PP KOTA BANJARMASIN. PAM Apel Hari Sumpah Pemuda di Halaman Pemko Banjarmasin Jalan RE. Martadinata.', '30-10-2022-9310222.png', '2022-10-30 23:58:32', '2022-10-30 23:58:32');
INSERT INTO `berita` (`id`, `judul`, `gambar`, `created_at`, `updated_at`) VALUES (192, 'SATPOL-PP KOTA BANJARMASIN. Melaksanakan Giat Gabungan SATPOL PP dan POLRI, Pengecekkan Kawasan Cafe dan Siring di Wilayah Kota Banjarmasin.', '31-10-2022-3934223.png', '2022-10-31 00:27:01', '2022-10-31 00:27:01');
INSERT INTO `berita` (`id`, `judul`, `gambar`, `created_at`, `updated_at`) VALUES (193, 'SATPOL-PP KOTA BANJARMASIN. Melaksanakan kegiatan patroli oleh Tim Patroli Cepat.', '31-10-2022-6295224.png', '2022-10-31 00:29:55', '2022-10-31 00:29:55');
INSERT INTO `berita` (`id`, `judul`, `gambar`, `created_at`, `updated_at`) VALUES (194, 'SATPOL-PP KOTA BANJARMASIN. Rapat Koordinasi Hubungan Antar Lembaga Tentang Izin Usaha Depot Air Minum Pada Wilayah Kecamatan Banjarmasin Barat.', '31-10-2022-909225.png', '2022-10-31 01:48:12', '2022-10-31 01:48:12');
INSERT INTO `berita` (`id`, `judul`, `gambar`, `created_at`, `updated_at`) VALUES (195, 'SATPOL-PP KOTA BANJARMASIN. Melaksanakan Pengecekan Giat Lanjutan Siring Kampung Ketupat, Ex. KWK Mandiri samping Ex. Roberta, dan Kota Lama diwilayah Kota Banjarmasin.', '01-11-2022-2418226.png', '2022-11-01 06:39:51', '2022-11-01 06:39:51');
INSERT INTO `berita` (`id`, `judul`, `gambar`, `created_at`, `updated_at`) VALUES (196, 'SATPOL-PP KOTA BANJARMASIN. PAM Pelaksanaan Kirab Obor Porprov IX Kalimantan Selatan tahun 2022 Diwilayah Kota Banjarmasin.', '04-11-2022-1052227.png', '2022-11-04 00:22:59', '2022-11-04 00:22:59');
INSERT INTO `berita` (`id`, `judul`, `gambar`, `created_at`, `updated_at`) VALUES (197, 'SATPOL-PP KOTA BANJARMASIN. Melaksanakan Yustisi dibeberap titik kawasan Tps di banjarmasin dan penertiban pkl yang berjualan di bahu jalan kawasan belitung.', '04-11-2022-9989228.png', '2022-11-04 00:24:50', '2022-11-04 00:24:50');
INSERT INTO `berita` (`id`, `judul`, `gambar`, `created_at`, `updated_at`) VALUES (198, 'SATPOL-PP KOTA BANJARMASIN. Melaksanakan Sidang Tipiring kepada pelanggar Perda di Kantor Satpol PP Kota Banjarmasin.', '04-11-2022-5169229.png', '2022-11-04 00:27:10', '2022-11-04 00:27:10');
INSERT INTO `berita` (`id`, `judul`, `gambar`, `created_at`, `updated_at`) VALUES (199, 'SATPOL-PP KOTA BANJARMASIN. Melaksanakan kegiatan Pengecekkan dan pengawasan adanya potensi gangguan Tibumtranmasy dikawasan Persimpangan diwilayah Kota Banjarmasin.', '04-11-2022-3669230.png', '2022-11-04 00:29:11', '2022-11-04 00:29:11');
INSERT INTO `berita` (`id`, `judul`, `gambar`, `created_at`, `updated_at`) VALUES (200, 'SATPOL-PP KOTA BANJARMASIN. Giat pengawasan dikawasan tempo doelo (kota lama) dan pengawasan di kawasan KWM.', '07-11-2022-172231.png', '2022-11-07 03:02:25', '2022-11-07 03:02:25');
INSERT INTO `berita` (`id`, `judul`, `gambar`, `created_at`, `updated_at`) VALUES (201, 'SATPOL-PP KOTA BANJARMASIN. Melaksanakan Kegiatan kurvey /Bersih-bersih dikantor Satpol PP Kota Banjarmasin.', '07-11-2022-6874232.png', '2022-11-07 03:05:06', '2022-11-07 03:05:06');
INSERT INTO `berita` (`id`, `judul`, `gambar`, `created_at`, `updated_at`) VALUES (202, 'Sosialisai Kepada Para PKL Toko yang Mengunakan Bahu Jalan Sebagai Tempt Meletakkan Papan Nama dan Mengunakan Bahu Jalan Sebagai Tempat Berjualan.', '07-11-2022-6639233.png', '2022-11-07 03:07:17', '2022-11-07 03:07:17');
INSERT INTO `berita` (`id`, `judul`, `gambar`, `created_at`, `updated_at`) VALUES (203, 'SATPOL-PP KOTA BANJARMASIN. Sosialisai Kepada Para PKL Toko yang Masih Menggunakan Bahu Jalan Sebagai Tempat Berjualan Jalan Vetran dan Jalan Sungai Lulut.', '07-11-2022-8039234.png', '2022-11-07 03:10:05', '2022-11-07 03:10:05');
INSERT INTO `berita` (`id`, `judul`, `gambar`, `created_at`, `updated_at`) VALUES (204, 'Melaksanakan Giat Pengawasan Kubah Basirih yang Terindikasi Gepeng yang Meminta-minta Uang Secara Paksa Kepada Penziarah.', '07-11-2022-1130235.png', '2022-11-07 03:12:04', '2022-11-07 03:12:04');
INSERT INTO `berita` (`id`, `judul`, `gambar`, `created_at`, `updated_at`) VALUES (205, 'SATPOL-PP KOTA BANJARMASIN. Melaksanakan Giat Gabungan Bersama Dinas Sosial Dan P3A Melakukan Sosialisasi Kepada Tukang Becak,Gepeng yang Sering Mangkal di Atas Trotoar Jalan Seputaran Sabilal Muhtadin.', '07-11-2022-7365236.png', '2022-11-07 03:14:02', '2022-11-07 03:14:02');
INSERT INTO `berita` (`id`, `judul`, `gambar`, `created_at`, `updated_at`) VALUES (206, 'SATPOL-PP KOTA BANJARMASIN. Giat pengawawasan dan pengecekkan THM yang dilarang beroperasional pada malam jum\'at.', '07-11-2022-6499237.png', '2022-11-07 03:24:35', '2022-11-07 03:24:35');
INSERT INTO `berita` (`id`, `judul`, `gambar`, `created_at`, `updated_at`) VALUES (207, 'SATPOL-PP KOTA BANJARMASIN. PAM Acara jalan sehat depan Mesjid Al Jihad anjarmasin di Taman Kamboja Jalan Cempaka.', '07-11-2022-4241238.png', '2022-11-07 03:26:18', '2022-11-07 03:26:18');
INSERT INTO `berita` (`id`, `judul`, `gambar`, `created_at`, `updated_at`) VALUES (208, 'SATPOL-PP KOTA BANJARMASIN. Melaksanakan gladi untuk memperingati hari pahlawan di halaman pemko Banjarmasin.', '10-11-2022-3934239.png', '2022-11-10 07:05:46', '2022-11-10 07:05:46');
INSERT INTO `berita` (`id`, `judul`, `gambar`, `created_at`, `updated_at`) VALUES (209, 'SATPOL-PP KOTA BANJARMASIN. Melaksanakan Pengecekan Giat Lanjutan Siring Kampung Ketupat, Ex. KWK Mandiri samping Ex. Roberta, dan Kota Lama diwilayah Kota Banjarmasin.', '10-11-2022-4970240.png', '2022-11-10 07:07:59', '2022-11-10 07:07:59');
INSERT INTO `berita` (`id`, `judul`, `gambar`, `created_at`, `updated_at`) VALUES (210, 'SATPOL-PP KOTA BANJARMASIN. Melaksanakan Kegiatan PAM dan Mengikuti Apel Hari Pahlawan di Halaman Pemko Jalan RE Martadinata.', '10-11-2022-8844241.png', '2022-11-10 07:11:00', '2022-11-10 07:11:00');
INSERT INTO `berita` (`id`, `judul`, `gambar`, `created_at`, `updated_at`) VALUES (211, 'SATPOL-PP KOTA BANJARMASIN. Melaksanakan Upacara Memperingati Hari Pahlawan di Halaman Kantor Satuan Polisi Pamong Praja Kota Banjarmasin.', '10-11-2022-838242.png', '2022-11-10 08:14:10', '2022-11-10 08:14:10');
INSERT INTO `berita` (`id`, `judul`, `gambar`, `created_at`, `updated_at`) VALUES (212, 'SATPOL-PP KOTA BANJARMASIN. Melaksanakan Penertiban dan Peneguran PKL.', '14-11-2022-6025243.png', '2022-11-14 04:26:57', '2022-11-14 04:26:57');
INSERT INTO `berita` (`id`, `judul`, `gambar`, `created_at`, `updated_at`) VALUES (213, 'SATPOL-PP KOTA BANJARMASIN. Penertiban pkl dan pengepul barang bekas yang melakukan aktivitas di trotoar, kawasan jalan A.yani.', '14-11-2022-4129244.png', '2022-11-14 04:28:51', '2022-11-14 04:28:51');
INSERT INTO `berita` (`id`, `judul`, `gambar`, `created_at`, `updated_at`) VALUES (214, 'SATPOL-PP KOTA BANJARMASIN. Penertiban pkl yang melakukan aktivitas di trotoar kawasan jalan ks tubun dan kawasan jalan adhyaksa.', '14-11-2022-1400245.png', '2022-11-14 04:30:57', '2022-11-14 04:30:57');
INSERT INTO `berita` (`id`, `judul`, `gambar`, `created_at`, `updated_at`) VALUES (215, 'SATPOL-PP KOTA BANJARMASIN. Melaksanakan Pengecekan Giat Lanjutan Siring Kampung Ketupat, Ex. KWK Mandiri samping Ex. Roberta, dan Kota Lama diwilayah Kota Banjarmasin.', '14-11-2022-7729246.png', '2022-11-14 04:32:51', '2022-11-14 04:32:51');
INSERT INTO `berita` (`id`, `judul`, `gambar`, `created_at`, `updated_at`) VALUES (216, 'SATPOL-PP KOTA BANJARMASIN. Melaksanakan kegiatan gabungan cipta kondisi wilayah Kota Banjarmasin.', '14-11-2022-339247.png', '2022-11-14 06:31:57', '2022-11-14 06:31:57');
INSERT INTO `berita` (`id`, `judul`, `gambar`, `created_at`, `updated_at`) VALUES (217, 'SATPOL-PP KOTA BANJARMASIN. Patroli Tim Sepeda', '15-11-2022-5907248.png', '2022-11-15 07:26:59', '2022-11-15 07:26:59');
INSERT INTO `berita` (`id`, `judul`, `gambar`, `created_at`, `updated_at`) VALUES (218, 'SATPOL-PP KOTA BANJARMASIN. Melaksanakan penertiban PKL dan konfirmasi perihal jam pembuangan sampah kepada petugas yang berjaga di TPS.', '15-11-2022-9827249.png', '2022-11-15 07:30:24', '2022-11-15 07:30:24');
INSERT INTO `berita` (`id`, `judul`, `gambar`, `created_at`, `updated_at`) VALUES (219, 'SATPOL-PP KOTA BANJARMASIN. Penertiban di persimpangan jalan lampu merah.', '15-11-2022-8583250.png', '2022-11-15 07:33:01', '2022-11-15 07:33:01');
INSERT INTO `berita` (`id`, `judul`, `gambar`, `created_at`, `updated_at`) VALUES (220, 'SATPOL-PP KOTA BANJARMASIN. Melaksanakan Sosialisasi Kepada Tukang Becak dan Gepeng yang Sering Mangkal di Bahu Jalan Lent Jend R Suprapto.', '15-11-2022-4377251.png', '2022-11-15 07:34:06', '2022-11-15 07:34:06');
INSERT INTO `berita` (`id`, `judul`, `gambar`, `created_at`, `updated_at`) VALUES (221, 'SATPOL-PP KOTA BANJARMASIN. Pengamanan dan Monitoring Pasar Tradisional.', '15-11-2022-5095252.png', '2022-11-15 07:37:20', '2022-11-15 07:37:20');
INSERT INTO `berita` (`id`, `judul`, `gambar`, `created_at`, `updated_at`) VALUES (222, 'SATPOL-PP KOTA BANJARMASIN. Melaksanakan giat patroli penertiban kepada manusia silver dan Peneguran kepada pemilik tambal ban yg menulis cat namanya di atas trotoar jalan.', '16-11-2022-7567253.png', '2022-11-16 01:17:25', '2022-11-16 01:17:25');
INSERT INTO `berita` (`id`, `judul`, `gambar`, `created_at`, `updated_at`) VALUES (223, 'SATPOL-PP KOTA BANJARMASIN. Melaksanakan kegiatan Pengecekkan dan pengawasan adanya potensi gangguan Tibumtranmasy dikawasan Persimpangan diwilayah Kota Banjarmasin.', '16-11-2022-3738254.png', '2022-11-16 01:19:02', '2022-11-16 01:19:02');
INSERT INTO `berita` (`id`, `judul`, `gambar`, `created_at`, `updated_at`) VALUES (224, 'SATPOL-PP KOTA BANJARMASIN. Melaksanakan giat patroli rutin.', '22-11-2022-1929255.png', '2022-11-22 05:40:51', '2022-11-22 05:40:51');
INSERT INTO `berita` (`id`, `judul`, `gambar`, `created_at`, `updated_at`) VALUES (225, 'SATPOL-PP KOTA BANJARMASIN. Memberikan Surat Tembusan TEGURAN II Perihal PKL yang berjualan ditrotoar / bahu jalan di Jalan Sutoyo S.', '22-11-2022-3961256.png', '2022-11-22 05:43:19', '2022-11-22 05:43:19');
INSERT INTO `berita` (`id`, `judul`, `gambar`, `created_at`, `updated_at`) VALUES (226, 'SATPOL-PP KOTA BANJARMASIN. sosialisasi kepada pkl yang berjualan dibahu jalan dan becak yang mangkal diatas trotoar.', '22-11-2022-8142257.png', '2022-11-22 05:46:55', '2022-11-22 05:46:55');
INSERT INTO `berita` (`id`, `judul`, `gambar`, `created_at`, `updated_at`) VALUES (227, 'SATPOL-PP KOTA BANJARMASIN. Melaksanakan Giat Sosialisasi Kepada PKL yang Mengunakan Bahu Jalan Lingkar Dalam Selatan Sebagai Tempat Berjualan.', '22-11-2022-435258.png', '2022-11-22 05:49:27', '2022-11-22 05:49:27');
INSERT INTO `berita` (`id`, `judul`, `gambar`, `created_at`, `updated_at`) VALUES (228, 'SATPOL-PP KOTA BANJARMASIN. Menyikapi Laporan Masyarakat Perihal Orang Terlantar yang Berada di Pasar Sudimampir.', '22-11-2022-3755259.png', '2022-11-22 05:51:45', '2022-11-22 05:51:45');
INSERT INTO `berita` (`id`, `judul`, `gambar`, `created_at`, `updated_at`) VALUES (229, 'SATPOL-PP KOTA BANJARMASIN. Melaksanakan Pengecekan dan Pengawasan di Lokasi Persimpangan Lampu Merah.', '22-11-2022-177260.png', '2022-11-22 05:53:54', '2022-11-22 05:53:54');
INSERT INTO `berita` (`id`, `judul`, `gambar`, `created_at`, `updated_at`) VALUES (230, 'SATPOL-PP KOTA BANJARMASIN. Melaksanakan Kegiatan Penertiban Pengamen dan Gepeng yang Masih Berada di Atas Trotoar dan Simpang 4 Lampu Merah.', '22-11-2022-6667261.png', '2022-11-22 05:55:35', '2022-11-22 05:55:35');
INSERT INTO `berita` (`id`, `judul`, `gambar`, `created_at`, `updated_at`) VALUES (231, 'SATPOL-PP KOTA BANJARMASIN. Melaksanakan kegiatan sosialisasi terhadap pelanggar perda yang melakukan aktivitas disekitar kawasan mesjid sabilal dan kawasan lampu merah.', '22-11-2022-2955262.png', '2022-11-22 05:58:08', '2022-11-22 05:58:08');
INSERT INTO `berita` (`id`, `judul`, `gambar`, `created_at`, `updated_at`) VALUES (232, 'SATPOL-PP KOTA BANJARMASIN. PAM Peresmian Dermaga di Kampung Hijau Oleh Walikota Banjarmasin Jalan Keramat.', '24-11-2022-5648263.png', '2022-11-24 05:48:18', '2022-11-24 05:48:18');
INSERT INTO `berita` (`id`, `judul`, `gambar`, `created_at`, `updated_at`) VALUES (233, 'SATPOL-PP KOTA BANJARMASIN. Menyikapi laporan keberatanya warga perihal adanya bangunan berupa warung dan bengkel didepan komplek Nusantra.', '28-11-2022-3559264.png', '2022-11-28 05:33:32', '2022-11-28 05:33:32');
INSERT INTO `berita` (`id`, `judul`, `gambar`, `created_at`, `updated_at`) VALUES (234, 'SATPOL-PP KOTA BANJARMASIN. Melaksanakan kegiatan Pembinaan kepada anak sekolah serta sosialisasi Perda.', '28-11-2022-7069265.png', '2022-11-28 05:36:50', '2022-11-28 05:36:50');
INSERT INTO `berita` (`id`, `judul`, `gambar`, `created_at`, `updated_at`) VALUES (235, 'SATPOL-PP KOTA BANJARMASIN. Penertiban dan Peneguran Kepada Para Pelajar yang Bolos Sekolah dan Nongkrong di Warung Pada Saat Jam Sekolah.', '28-11-2022-2724266.png', '2022-11-28 05:38:03', '2022-11-28 05:38:03');
INSERT INTO `berita` (`id`, `judul`, `gambar`, `created_at`, `updated_at`) VALUES (236, 'SATPOL-PP KOTA BANJARMASIN. Melaksanakan giat penertiban dan pelepasan T-Banner.', '28-11-2022-2495267.png', '2022-11-28 05:40:53', '2022-11-28 05:40:53');
INSERT INTO `berita` (`id`, `judul`, `gambar`, `created_at`, `updated_at`) VALUES (237, 'SATPOL-PP KOTA BANJARMASIN. sosialisasi kepada gepeng yang berada dikawasan mesjid raya sabilal muhtadin dan diberikan arahan dikantor Satpol-pp kota banjarmasin.', '28-11-2022-8248268.png', '2022-11-28 05:43:18', '2022-11-28 05:43:18');
INSERT INTO `berita` (`id`, `judul`, `gambar`, `created_at`, `updated_at`) VALUES (238, 'SATPOL-PP KOTA BANJARMASIN. Melaksanakan kegiatan Pengecekkan dan pengawasan adanya potensi gangguan Tibumtranmasy dikawasan Persimpangan diwilayah Kota Banjarmasin.', '28-11-2022-6556269.png', '2022-11-28 05:44:13', '2022-11-28 05:44:13');
INSERT INTO `berita` (`id`, `judul`, `gambar`, `created_at`, `updated_at`) VALUES (239, 'SATPOL-PP KOTA BANJARMASIN. Penetiban Benner-Benner Maxim yang Mengikat di Tiang Listrik di Jalan Banjar Indah.', '28-11-2022-1598270.png', '2022-11-28 05:45:55', '2022-11-28 05:45:55');
INSERT INTO `berita` (`id`, `judul`, `gambar`, `created_at`, `updated_at`) VALUES (240, 'SATPOL-PP KOTA BANJARMASIN. Melaksanakan Kegiatan Penertiban Gepeng yang Mangkal di Atas Trotoar Jalan Ahmad Yani.', '28-11-2022-5178271.png', '2022-11-28 05:47:43', '2022-11-28 05:47:43');
INSERT INTO `berita` (`id`, `judul`, `gambar`, `created_at`, `updated_at`) VALUES (241, 'SATPOL-PP KOTA BANJARMASIN. Melaksanakan Pengawasan dan Pengecekan Adanya Gangguan Tibum Transmasy di Siring Kampung Ketupat,Siring Ujung Murung dan Siring Rk Ilir.', '28-11-2022-1045272.png', '2022-11-28 05:49:54', '2022-11-28 05:49:54');
INSERT INTO `berita` (`id`, `judul`, `gambar`, `created_at`, `updated_at`) VALUES (242, 'SATPOL-PP KOTA BANJARMASIN. Melaksanakan PAM Pembagian Bantuan Sosial untuk 5 kecamatan di Dinas Koperasi Usaha Mikro dan Tenaga Kerja. Jalan Pramuka komplek Semanda.', '30-11-2022-4540273.png', '2022-11-30 00:35:56', '2022-11-30 00:35:56');
INSERT INTO `berita` (`id`, `judul`, `gambar`, `created_at`, `updated_at`) VALUES (243, 'SATPOL-PP KOTA BANJARMASIN. Menjemput ODGJ untuk diantar ke RS Sambang Lihum, agar di tindak lanjuti.', '01-12-2022-4926274.png', '2022-12-01 01:16:49', '2022-12-01 01:16:49');
INSERT INTO `berita` (`id`, `judul`, `gambar`, `created_at`, `updated_at`) VALUES (244, 'SATPOL-PP KOTA BANJARMASIN. Pembinaan kepada para pelanggar (pak ogah).', '01-12-2022-152275.png', '2022-12-01 01:26:15', '2022-12-01 01:26:15');
INSERT INTO `berita` (`id`, `judul`, `gambar`, `created_at`, `updated_at`) VALUES (245, 'SATPOL-PP KOTA BANJARMASIN. Melaksanakan pengawasan persimpangan, PKL dibahu jalan dan trotoar.', '02-12-2022-6212276.png', '2022-12-02 01:13:35', '2022-12-02 01:13:35');
INSERT INTO `berita` (`id`, `judul`, `gambar`, `created_at`, `updated_at`) VALUES (246, 'SATPOL-PP KOTA BANJARMASIN. PAM Pembagian Bantuan Sosial untuk 5 kecamatan di Dinas Koperasi Usaha Mikro dan Tenaga Kerja. Jalan Pramuka komplek Semanda.', '02-12-2022-594277.png', '2022-12-02 01:15:28', '2022-12-02 01:15:28');
INSERT INTO `berita` (`id`, `judul`, `gambar`, `created_at`, `updated_at`) VALUES (247, 'SATPOL-PP KOTA BANJARMASIN. Menanggapi perihal adanya laporan tentang ODGJ.', '07-12-2022-5033278.png', '2022-12-07 01:47:58', '2022-12-07 01:47:58');
INSERT INTO `berita` (`id`, `judul`, `gambar`, `created_at`, `updated_at`) VALUES (248, 'SATPOL-PP KOTA BANJARMASIN. Team Sepeda Melaksanakan Patroli menertibkan PKL dan pengamen di persimpangan.', '07-12-2022-9183279.png', '2022-12-07 01:51:08', '2022-12-07 01:51:08');
INSERT INTO `berita` (`id`, `judul`, `gambar`, `created_at`, `updated_at`) VALUES (249, 'SATPOL-PP KOTA BANJARMASIN. Melaksanakan Patroli Penertiban dan Pengamanan Adanya Gepeng yang Meakukan Aktivitas di kawasan simpang 4 lampu merah.', '07-12-2022-1411280.png', '2022-12-07 01:56:38', '2022-12-07 01:56:38');
INSERT INTO `berita` (`id`, `judul`, `gambar`, `created_at`, `updated_at`) VALUES (250, 'SATPOL-PP KOTA BANJARMASIN. Melaksanakan Giat Patroli Rutin yang dimana Masih Banyak PKL yang Menggunakan Trotoar dan Jalan Sebagai Tempat Berjualan.', '07-12-2022-8167281.png', '2022-12-07 01:58:55', '2022-12-07 01:58:55');
INSERT INTO `berita` (`id`, `judul`, `gambar`, `created_at`, `updated_at`) VALUES (251, 'SATPOL-PP KOTA BANJARMASIN. Melaksanakan Giat Penertiban Gepeng yang Masih Mangkal di Atas Trotoar Jalan Ahmad Yani.', '07-12-2022-9872282.png', '2022-12-07 02:00:37', '2022-12-07 02:00:37');
INSERT INTO `berita` (`id`, `judul`, `gambar`, `created_at`, `updated_at`) VALUES (252, 'SATPOL-PP KOTA BANJARMASIN. Melaksanakan Giat Patroli Rutin yang Pengecekan dan Pengawasan Potensi Gangguan Tibum Tranmasy di Persimpangan Lampu Merah.', '07-12-2022-3274283.png', '2022-12-07 02:02:22', '2022-12-07 02:02:22');
INSERT INTO `berita` (`id`, `judul`, `gambar`, `created_at`, `updated_at`) VALUES (253, 'SATPOL-PP KOTA BANJARMASIN. Melaksanakan Giat Patroli Rutin yang dimana Masih Banyak PKL yang Menggunakan Trotoar dan Jalan Sebagai Tempat Berjualan.', '07-12-2022-6254284.png', '2022-12-07 02:03:54', '2022-12-07 02:03:54');
INSERT INTO `berita` (`id`, `judul`, `gambar`, `created_at`, `updated_at`) VALUES (254, 'SATPOL-PP KOTA BANJARMASIN. Penertiban Paman Becak Yang Mangkal Di Atas Trotoar Dan Badan Jalan Dikawasan Jalan A. Yani Km Dan Disekitarnya.', '07-12-2022-4423285.png', '2022-12-07 02:06:01', '2022-12-07 02:06:01');
INSERT INTO `berita` (`id`, `judul`, `gambar`, `created_at`, `updated_at`) VALUES (255, 'SATPOL-PP KOTA BANJARMASIN. Melaksanakan pengecekan hotel dan penertiban dikawasan A. Yani.', '07-12-2022-6888286.png', '2022-12-07 02:08:46', '2022-12-07 02:08:46');
INSERT INTO `berita` (`id`, `judul`, `gambar`, `created_at`, `updated_at`) VALUES (256, 'SATPOL-PP KOTA BANJARMASIN. Peneguran kepada pemilik ruko yang belum memiliki izin untuk pembangunan siring depan ruko di jalan Ahmad Yani km 5.5.', '08-12-2022-702287.png', '2022-12-08 05:51:54', '2022-12-08 05:51:54');
INSERT INTO `berita` (`id`, `judul`, `gambar`, `created_at`, `updated_at`) VALUES (257, 'SATPOL-PP KOTA BANJARMASIN. Melaksanakan penertiban dan peneguran di kawasan Hasan Basri sampai kawasan A. Yani.', '12-12-2022-3312288.png', '2022-12-12 02:15:01', '2022-12-12 02:15:01');
INSERT INTO `berita` (`id`, `judul`, `gambar`, `created_at`, `updated_at`) VALUES (258, 'SATPOL-PP KOTA BANJARMASIN. Melaksanakan kegiatan penertiban dan peneguran pkl dan gepeng di kawasan A. Yani.', '12-12-2022-7950289.png', '2022-12-12 02:18:11', '2022-12-12 02:18:11');
INSERT INTO `berita` (`id`, `judul`, `gambar`, `created_at`, `updated_at`) VALUES (259, 'SATPOL-PP KOTA BANJARMASIN. Melaksanakan kegiatan penertiban dan peneguran pkl dan gepeng di kawasan A. Yani.', '12-12-2022-1991289.png', '2022-12-12 02:18:51', '2022-12-12 02:18:51');
INSERT INTO `berita` (`id`, `judul`, `gambar`, `created_at`, `updated_at`) VALUES (260, 'SATPOL-PP KOTA BANJARMASIN. Menyikapi Laporan masyarakat perihal adanya ODGJ yang meresahkan masyarakat di Jalan Prona II.', '12-12-2022-2947290.png', '2022-12-12 02:20:44', '2022-12-12 02:20:44');
INSERT INTO `berita` (`id`, `judul`, `gambar`, `created_at`, `updated_at`) VALUES (261, 'SATPOL-PP KOTA BANJARMASIN. Melaksanakan penertiban tuna susila dan gepeng.', '12-12-2022-9261291.png', '2022-12-12 02:22:49', '2022-12-12 02:22:49');
INSERT INTO `berita` (`id`, `judul`, `gambar`, `created_at`, `updated_at`) VALUES (262, 'SATPOL-PP KOTA BANJARMASIN. Melaksanakan penertiban dan peneguran pkl di depan sekolah MI TPI Kramat dan tunawisma yang sering tidur diatas jembatan.', '12-12-2022-8289292.png', '2022-12-12 02:28:10', '2022-12-12 02:28:10');
INSERT INTO `berita` (`id`, `judul`, `gambar`, `created_at`, `updated_at`) VALUES (263, 'SATPOL-PP KOTA BANJARMASIN. Melaksanakan kegiatan pemasangan spanduk di TPS.', '12-12-2022-6886293.png', '2022-12-12 02:30:39', '2022-12-12 02:30:39');
INSERT INTO `berita` (`id`, `judul`, `gambar`, `created_at`, `updated_at`) VALUES (264, 'SATPOL-PP KOTA BANJARMASIN. Melaksanakan Giat Pemasangan Sepanduk di TPS.', '12-12-2022-7462294.png', '2022-12-12 02:33:13', '2022-12-12 02:33:13');
INSERT INTO `berita` (`id`, `judul`, `gambar`, `created_at`, `updated_at`) VALUES (265, 'SATPOL-PP KOTA BANJARMASIN. Penertiban dan pelepasan T-banner MAXIM yang habis Masa Tayangnya di Kawasan Jalan Hasan Basri.', '12-12-2022-2672295.png', '2022-12-12 02:35:48', '2022-12-12 02:35:48');
INSERT INTO `berita` (`id`, `judul`, `gambar`, `created_at`, `updated_at`) VALUES (266, 'SATPOL-PP KOTA BANJARMASIN. Tim Patroli Cepat melaksanakan patroli dalam menegakkan perda kota Banjarmasin.', '15-12-2022-3087296.png', '2022-12-15 23:54:06', '2022-12-15 23:54:06');
INSERT INTO `berita` (`id`, `judul`, `gambar`, `created_at`, `updated_at`) VALUES (267, 'SATPOL-PP KOTA BANJARMASIN. Pengecekan siring dan ruang terbuka hijau kota Banjarmasin.', '15-12-2022-2589297.png', '2022-12-15 23:56:36', '2022-12-15 23:56:36');
INSERT INTO `berita` (`id`, `judul`, `gambar`, `created_at`, `updated_at`) VALUES (268, 'SATPOL-PP KOTA BANJARMASIN. Pengamanan dan penertiban pengamen dan manusia silver dan membantu DPPPA melaksanakan perlindungan terhadap anak di bawah umur yang disuruh orang tuanya untuk berjualan di trotoar jalan.', '16-12-2022-772298.png', '2022-12-16 00:00:24', '2022-12-16 00:00:24');
INSERT INTO `berita` (`id`, `judul`, `gambar`, `created_at`, `updated_at`) VALUES (269, 'SATPOL-PP KOTA BANJARMASIN. Penertiban dan pelepasan banner dan pengecekkan adanya potensi ganggu timbum transmasy dikawasan wisata kota banjarmasin.', '19-12-2022-5743299.png', '2022-12-19 03:02:44', '2022-12-19 03:02:44');
INSERT INTO `berita` (`id`, `judul`, `gambar`, `created_at`, `updated_at`) VALUES (270, 'SATPOL-PP KOTA BANJARMASIN. Peneguran terhadap pelanggar perda yang melakukan aktivitas di bahu jalan dan di atas trotoar jalan.', '19-12-2022-8015300.png', '2022-12-19 03:04:35', '2022-12-19 03:04:35');
INSERT INTO `berita` (`id`, `judul`, `gambar`, `created_at`, `updated_at`) VALUES (271, 'SATPOL-PP KOTA BANJARMASIN. Penertiban PKL yang beraktivitas di bahu jalan dan penertiban atau yustisi sampah di kota Banjarmasin.', '19-12-2022-2654301.png', '2022-12-19 03:07:22', '2022-12-19 03:07:22');
INSERT INTO `berita` (`id`, `judul`, `gambar`, `created_at`, `updated_at`) VALUES (272, 'SATPOL-PP KOTA BANJARMASIN. Penertiban dan peneguran pkl dan pelepasan t-banner yg masa ijinnya sudah habis.', '23-12-2022-7100302.png', '2022-12-23 00:36:42', '2022-12-23 00:36:42');
INSERT INTO `berita` (`id`, `judul`, `gambar`, `created_at`, `updated_at`) VALUES (273, 'SATPOL-PP BANJARMASIN. Penertiban dan peneguran pedagang yang meletakkan plang namanya di bahu jalan.', '23-12-2022-3915303.png', '2022-12-23 00:46:15', '2022-12-23 00:46:15');
INSERT INTO `berita` (`id`, `judul`, `gambar`, `created_at`, `updated_at`) VALUES (274, 'SATPOL-PP KOTA BANJARMASIN. Melaksanakan pengecekan di kawasan Bandarmasih Tempoe Doeloe bersama TNI, POLRI, dan DISHUB.', '23-12-2022-2003304.png', '2022-12-23 01:00:19', '2022-12-23 01:00:19');
INSERT INTO `berita` (`id`, `judul`, `gambar`, `created_at`, `updated_at`) VALUES (275, 'SATPOL-PP KOTA BANJARMASIN. Pelepasan spanduk salah penempatan yg mengikat dipohon, dan banner yg menempel dipohon.', '26-12-2022-4655305.png', '2022-12-26 07:07:58', '2022-12-26 07:07:58');
INSERT INTO `berita` (`id`, `judul`, `gambar`, `created_at`, `updated_at`) VALUES (276, 'SATPOL-PP KOTA BANJARMASIN. Penertiban pkl pentol yg berjualan di bahu jalan, kawasan jalan belitung dan sekitarnya.', '26-12-2022-3131306.png', '2022-12-26 07:23:25', '2022-12-26 07:23:25');
INSERT INTO `berita` (`id`, `judul`, `gambar`, `created_at`, `updated_at`) VALUES (277, 'SATPOL-PP KOTA BANJARMASIN. PAM Malam Natal di beberapa titik gereja.', '26-12-2022-6308307.png', '2022-12-26 07:31:03', '2022-12-26 07:31:03');
INSERT INTO `berita` (`id`, `judul`, `gambar`, `created_at`, `updated_at`) VALUES (278, 'SATPOL-PP KOTA BANJARMASIN. Melaksanakan PAM Malam Natal di beberapa titik gereja.', '26-12-2022-6694308.png', '2022-12-26 07:34:25', '2022-12-26 07:34:25');
INSERT INTO `berita` (`id`, `judul`, `gambar`, `created_at`, `updated_at`) VALUES (279, 'SATPOL-PP KOTA BANJARMASIN. Penertiban pkl pentol yang berjualan di badan jalan, kawasan jalan Ahmad Yani dan sekitarnya.', '28-12-2022-516309.png', '2022-12-28 06:32:17', '2022-12-28 06:32:17');
INSERT INTO `berita` (`id`, `judul`, `gambar`, `created_at`, `updated_at`) VALUES (280, 'SATPOL-PP KOTA BANJARMASIN. Penertiban dan pelepasan T-Banner yang tidak ada ijinnya dan salah penempatannya.', '28-12-2022-1845310.png', '2022-12-28 06:34:09', '2022-12-28 06:34:09');
INSERT INTO `berita` (`id`, `judul`, `gambar`, `created_at`, `updated_at`) VALUES (281, 'SATPOL-PP KOTA BANJARMASIN. Melaksanakan pengawalan Bapak Walikota dan jajaran Forkopimda untuk peninjauan beberapa pos pengamanan Natal 2022 dan Tahun Baru 2023.', '30-12-2022-2517311.png', '2022-12-30 01:06:27', '2022-12-30 01:06:27');
INSERT INTO `berita` (`id`, `judul`, `gambar`, `created_at`, `updated_at`) VALUES (282, 'SATPOL-PP KOTA BANJARMASIN. Giat penertiban dan peneguran kepada para pkl yang berjualan diatas trotoar, karna trotoar untuk pengguna jalan kaki bukan tempat untuk berdagang, depan mess kalteng kawasan jalan kolonel sugiono.', '03-01-2023-2971312.png', '2023-01-03 02:42:06', '2023-01-03 02:42:06');
INSERT INTO `berita` (`id`, `judul`, `gambar`, `created_at`, `updated_at`) VALUES (283, 'SATPOL-PP KOTA BANJARMASIN. Melaksanakan Kegiatan Gabungan Pengamanan Malam Tahun Baru 2023.', '03-01-2023-8152313.png', '2023-01-03 02:44:09', '2023-01-03 02:44:09');
INSERT INTO `berita` (`id`, `judul`, `gambar`, `created_at`, `updated_at`) VALUES (284, 'SATPOL-PP KOTA BANJARMASIN. Melaksanakan Giat Patroli Rutin Pengecekan Bawah Jembatan Pangeran Antasari yang Terindikasi Keberadaan Gepeng (Negatif Gepeng).', '03-01-2023-7209314.png', '2023-01-03 02:45:49', '2023-01-03 02:45:49');
INSERT INTO `berita` (`id`, `judul`, `gambar`, `created_at`, `updated_at`) VALUES (285, 'SATPOL-PP KOTA BANJARMASIN. Penertiban dan peneguran pkl kain serbet yang berjualan di simp.4 lampu merah kantor pos kfc. Jalan Lambung Mangkurat.', '04-01-2023-980315.png', '2023-01-04 04:49:34', '2023-01-04 04:49:34');
INSERT INTO `berita` (`id`, `judul`, `gambar`, `created_at`, `updated_at`) VALUES (286, 'SATPOL-PP KOTA BANJARMASIN. Penertiban dan peneguran PKL berjualan diatas trotoar jalan.', '05-01-2023-5835316.png', '2023-01-05 05:16:50', '2023-01-05 05:16:50');
INSERT INTO `berita` (`id`, `judul`, `gambar`, `created_at`, `updated_at`) VALUES (287, 'SATPOL-PP KOTA BANJARMASIN. Penertiban pengamen dan pkl yang sempat melarikan diri.', '05-01-2023-2041317.png', '2023-01-05 05:20:38', '2023-01-05 05:20:38');
INSERT INTO `berita` (`id`, `judul`, `gambar`, `created_at`, `updated_at`) VALUES (288, 'SATPOL-PP KOTA BANJARMASIN. Penertiban dan peneguran pedagang hewan yang berjualan di bahu jalan.', '05-01-2023-5558318.png', '2023-01-05 05:24:25', '2023-01-05 05:24:25');
INSERT INTO `berita` (`id`, `judul`, `gambar`, `created_at`, `updated_at`) VALUES (289, 'SATPOL-PP KOTA BANJARMASIN. Penertiban PKL diatas jembatan dan pengepul barang bekas.', '05-01-2023-1545319.png', '2023-01-05 06:13:37', '2023-01-05 06:13:37');
INSERT INTO `berita` (`id`, `judul`, `gambar`, `created_at`, `updated_at`) VALUES (290, 'SATPOL-PP KOTA BANJARMASIN. Team Sepeda Melaksanakan Patroli menertibkan anjal/ gepeng.', '07-01-2023-9518320.png', '2023-01-07 06:00:20', '2023-01-07 06:00:20');
INSERT INTO `berita` (`id`, `judul`, `gambar`, `created_at`, `updated_at`) VALUES (291, 'SATPOL-PP KOTA BANJARMASIN. Giat penertiban gepeng yang melakukan aktivitas di persimpangan kawasan lampu merah knpi, gepeng melarikan diri, jalan lambung mangkurat.', '09-01-2023-8426321.png', '2023-01-09 08:49:52', '2023-01-09 08:49:52');
INSERT INTO `berita` (`id`, `judul`, `gambar`, `created_at`, `updated_at`) VALUES (292, 'SATPOL-PP KOTA BANJARMASIN. Giat penertiban gepeng dan badut yang melakukan aktivitas dipersimpangan kawasan lampu merah.', '09-01-2023-1698322.png', '2023-01-09 08:52:31', '2023-01-09 08:52:31');
INSERT INTO `berita` (`id`, `judul`, `gambar`, `created_at`, `updated_at`) VALUES (293, 'SATPOL-PP KOTA BANJARMASIN. Giat Penertiban dan peneguran PKL dan peneguran kepada pihak depot medan perihal botol minuman yang dibuang sembarangan.', '09-01-2023-3488323.png', '2023-01-09 08:58:24', '2023-01-09 08:58:24');
INSERT INTO `berita` (`id`, `judul`, `gambar`, `created_at`, `updated_at`) VALUES (294, 'SATPOL-PP KOTA BANJARMASIN. Giat pengecekkan adanya potensi gangguan Tibum trans Masy disiring ketupat, jalan sungai baru.', '16-01-2023-7796324.png', '2023-01-16 04:38:52', '2023-01-16 04:38:52');
INSERT INTO `berita` (`id`, `judul`, `gambar`, `created_at`, `updated_at`) VALUES (295, 'SATPOL-PP KOTA BANJARMASIN. Giat penertiban dan pelepasan t-banner yang salah penempatan dan penertiban pengamen yang melakukan aktivitas di persimpangan.', '16-01-2023-5878325.png', '2023-01-16 04:41:05', '2023-01-16 04:41:05');
INSERT INTO `berita` (`id`, `judul`, `gambar`, `created_at`, `updated_at`) VALUES (296, 'SATPOL-PP KOTA BANJARMASIN. Giat penertiban dan pelepasan spanduk yang tidak ada ijinnya serta pengecekkan adanya potensi gangguan tibum transmasy di kawasan siring bekantan.', '16-01-2023-143326.png', '2023-01-16 04:43:17', '2023-01-16 04:43:17');
INSERT INTO `berita` (`id`, `judul`, `gambar`, `created_at`, `updated_at`) VALUES (297, 'SATPOL-PP KOTA BANJARMASIN. Giat pengecekkan adanya potensi gangguan tibum transmasy di beberapa titik.', '16-01-2023-1765327.png', '2023-01-16 04:45:21', '2023-01-16 04:45:21');
INSERT INTO `berita` (`id`, `judul`, `gambar`, `created_at`, `updated_at`) VALUES (298, 'SATPOL-PP KOTA BANJARMASIN. Giat penertiban dan pelepasan banner dan spnduk salah penempatan yang mengikat ke pohon.', '16-01-2023-1719328.png', '2023-01-16 04:46:57', '2023-01-16 04:46:57');
INSERT INTO `berita` (`id`, `judul`, `gambar`, `created_at`, `updated_at`) VALUES (299, 'SATPOL-PP KTA BANJARMASIN. Giat penertiban badut yang melakukan aktivitas dipersimpangan serta pengecekkan adanya potensi gangguan tibum transmasy di kawasan persimpangan.', '16-01-2023-6388329.png', '2023-01-16 04:48:57', '2023-01-16 04:48:57');
INSERT INTO `berita` (`id`, `judul`, `gambar`, `created_at`, `updated_at`) VALUES (300, 'SATPOL-PP KOTA BANJARMASIN. Pembinaan kepada anak sekolah SMP Negeri 7 dalam rangka penyelenggaraan ketertiban umum, ketentraman dan perlindungan masyrakat. Dilaksanakan oleh Bpk Kasat dan Satuan Pembinaan Masyarakat (Binmas).', '24-01-2023-495330.png', '2023-01-24 03:06:26', '2023-01-24 03:06:26');
INSERT INTO `berita` (`id`, `judul`, `gambar`, `created_at`, `updated_at`) VALUES (301, 'SATPOL-PP KOTA BANJARMASIN. Melakukan pengecekan sebuah bangunan, yang tidak ada izinnya berlokasi di jalan Sutoyo.S.', '24-01-2023-4909331.png', '2023-01-24 03:09:36', '2023-01-24 03:09:36');
INSERT INTO `berita` (`id`, `judul`, `gambar`, `created_at`, `updated_at`) VALUES (302, 'SATPOL-PP KOTA BANJARMASIN. Apel kesiapan pengamanan tahun baru Imlek dan Cap Go Meh tahun 2023 di Kota Banjarmasin.', '24-01-2023-96332.png', '2023-01-24 03:13:27', '2023-01-24 03:13:27');
INSERT INTO `berita` (`id`, `judul`, `gambar`, `created_at`, `updated_at`) VALUES (303, 'SATPOL-PP KOTA BANJARMASIN. Petugas Satpol-PP kembali menemukan adanya PKL yang masih berjualan dibahu jalan, yang sudah jelas melanggar peraturan perda Kota Banjarmasin.', '24-01-2023-9449333.png', '2023-01-24 03:22:21', '2023-01-24 03:22:21');
INSERT INTO `berita` (`id`, `judul`, `gambar`, `created_at`, `updated_at`) VALUES (304, 'SATPOL-PP KOTA BANJARMASIN. Penandatanganan Perjanjian Kerja Sama Antara Satpol PP Kota Banjarmasin Dengan Sekolah, Dalam Rangka Penyelenggaraan Ketertiban Umum, Ketentraman Dan Perlindungan Masyatakat Serta Menjadikan Sekolah Taat Perda.', '26-01-2023-9738334.png', '2023-01-26 02:35:38', '2023-01-26 02:35:38');
INSERT INTO `berita` (`id`, `judul`, `gambar`, `created_at`, `updated_at`) VALUES (305, 'SATPOL-PP KOTA BANJARMASIN. Mendapati adanya pelanggaran yang ternyata para PKL membayar iuran setiap bulannya untuk menjaga rombong mereka.', '30-01-2023-9201335.png', '2023-01-30 06:08:53', '2023-01-30 06:08:53');
INSERT INTO `berita` (`id`, `judul`, `gambar`, `created_at`, `updated_at`) VALUES (306, 'SATPOL-PP KOTA BANJARMASIN. Penertiban rutin papan iklan di bahu jalan yang terus saja dilakukan.', '30-01-2023-4516336.png', '2023-01-30 06:11:36', '2023-01-30 06:11:36');
INSERT INTO `berita` (`id`, `judul`, `gambar`, `created_at`, `updated_at`) VALUES (307, 'SATPOL-PP KOTA BANJARMASIN. Menindak lanjuti laporan perihal Pkl yang sering berjualan di depan sekolah, agar kawasan sekolah menjadi tertib kembali.', '02-02-2023-4663337.png', '2023-02-02 08:03:58', '2023-02-02 08:03:58');
INSERT INTO `berita` (`id`, `judul`, `gambar`, `created_at`, `updated_at`) VALUES (308, 'SATPOL-PP KOTA BANJARMASIN. Melaksanakan Kegiatan Penegakkan Perda Kota Banjarmasin.', '02-02-2023-3243338.png', '2023-02-02 08:08:49', '2023-02-02 08:08:49');
INSERT INTO `berita` (`id`, `judul`, `gambar`, `created_at`, `updated_at`) VALUES (309, 'SATPOL-PP KOTA BANJARMASIN. Melakukan penertiban pedagang kerupuk yang melakukan aktivitas (berjualan) dipersimpangan lampu merah play over.', '02-02-2023-485339.png', '2023-02-02 08:10:48', '2023-02-02 08:10:48');
INSERT INTO `berita` (`id`, `judul`, `gambar`, `created_at`, `updated_at`) VALUES (310, 'SATPOL-PP KOTA BANJARMASIN. Melaksanakan Sosialisasi Perda tentang Penyelenggaraan Kebersihan, Keindahan, Ketertiban, Dan Kesehatan Lingkungan.', '09-02-2023-315342.png', '2023-02-09 03:06:54', '2023-02-09 03:06:54');
INSERT INTO `berita` (`id`, `judul`, `gambar`, `created_at`, `updated_at`) VALUES (311, 'SATPOL-PP KOTA BANJARMASIN. Mengamankan seorang wanita yang membawa balita (gepeng) melakukan aktivitas di persimpangan lampu merah.', '09-02-2023-1921343.png', '2023-02-09 03:10:38', '2023-02-09 03:10:38');
INSERT INTO `berita` (`id`, `judul`, `gambar`, `created_at`, `updated_at`) VALUES (312, 'SATPOL-PP KOTA BANJARMASIN. Pembinaan kepada pemilik/ pelaku usaha Cafe di Kota Banjarmasin untuk mencegah dampak Peraturan Daerah.', '10-02-2023-2734344.png', '2023-02-10 01:00:49', '2023-02-10 01:00:49');
INSERT INTO `berita` (`id`, `judul`, `gambar`, `created_at`, `updated_at`) VALUES (313, 'SATPOL-PP KOTA BANJARMASIN. Penertiban di kawasan simpang empat lampu merah terdapat adanya pelanggar Perda dibawah umur.', '10-02-2023-469345.png', '2023-02-10 01:04:49', '2023-02-10 01:04:49');
INSERT INTO `berita` (`id`, `judul`, `gambar`, `created_at`, `updated_at`) VALUES (314, 'SATPOL-PP KOTA BANJARMASIN. Pelaksanaan Forum SKPD Dalam Penyusunan Rancangan Renja SKPD Tahun 2024.', '14-02-2023-1414346.png', '2023-02-14 03:55:49', '2023-02-14 03:55:49');
INSERT INTO `berita` (`id`, `judul`, `gambar`, `created_at`, `updated_at`) VALUES (315, 'SATPOL-PP KOTA BANJARMASIN. Peneguran Pemilik Angkringan yang menaruh meja dan tempat parkiran di atas Fasum (Fasilitas Umum).', '14-02-2023-8205347.png', '2023-02-14 03:58:53', '2023-02-14 03:58:53');
INSERT INTO `berita` (`id`, `judul`, `gambar`, `created_at`, `updated_at`) VALUES (316, 'SATPOL-PP KOTA BANJARMASIN. Penertiban dan pengamanan pengamen dan manusia silver yang sering beraktivitas di kawasan lampu merah.', '14-02-2023-6614348.png', '2023-02-14 04:01:04', '2023-02-14 04:01:04');
INSERT INTO `berita` (`id`, `judul`, `gambar`, `created_at`, `updated_at`) VALUES (317, 'SATPOL-PP KOTA BANJARMASIN. Melaksanakan kegiatan gabungan dalam rangka ketertiban umum dan ketentraman masyarakat.', '14-02-2023-1021349.png', '2023-02-14 04:06:51', '2023-02-14 04:06:51');
INSERT INTO `berita` (`id`, `judul`, `gambar`, `created_at`, `updated_at`) VALUES (318, 'SATPOL-PP KOTA BANJARMASIN. Mengamankan seorang anak laki-laki yang ditinggalkan kabur oleh orang tuanya saat berjualan tisu di persimpangan.', '15-02-2023-849350.png', '2023-02-15 05:43:52', '2023-02-15 05:43:52');
INSERT INTO `berita` (`id`, `judul`, `gambar`, `created_at`, `updated_at`) VALUES (319, 'SATPOL-PP KOTA BANJARMASIN. Kegiatan Pemberdayaan Perlindungan Masyarakat Dalam Rangka Ketentraman Dan Ketertiban Umum Kota Banjarmasin.', '20-02-2023-3728352.png', '2023-02-20 01:04:23', '2023-02-20 01:04:23');
INSERT INTO `berita` (`id`, `judul`, `gambar`, `created_at`, `updated_at`) VALUES (320, 'SATPOL-PP KOTA BANJARMASIN. Menggelar giat pengawasan ke beberapa tempat hiburan malam (THM).', '20-02-2023-6717353.png', '2023-02-20 01:08:53', '2023-02-20 01:08:53');
INSERT INTO `berita` (`id`, `judul`, `gambar`, `created_at`, `updated_at`) VALUES (321, 'SATPOL-PP KOTA BANJARMASIN. Menindaklanjuti dari laporan warga tentang adanya aktivitas anak remaja yang sedang nongkrong dan melakukan perbuatan yang tidak senonoh.', '20-02-2023-6083354.png', '2023-02-20 01:16:31', '2023-02-20 01:16:31');
INSERT INTO `berita` (`id`, `judul`, `gambar`, `created_at`, `updated_at`) VALUES (322, 'SATPOL-PP KOTA BANJARMASIN. Melaksanakan Sidang Yustisi Sampah.', '21-02-2023-1374355.png', '2023-02-21 02:26:16', '2023-02-21 02:26:16');
INSERT INTO `berita` (`id`, `judul`, `gambar`, `created_at`, `updated_at`) VALUES (323, 'SATPOL-PP KOTA BANJARMASIN. sosialisasi kepada para pedagang yang berjualan diatas trotoar.', '21-02-2023-534356.png', '2023-02-21 02:32:56', '2023-02-21 02:32:56');
INSERT INTO `berita` (`id`, `judul`, `gambar`, `created_at`, `updated_at`) VALUES (324, 'SATPOL-PP KOTA BANJARMASIN. menindak lanjuti laporan dari warga perihal adanya ODGJ yang meresahkan warga setempat berlokasi dijalan Kelayan A.', '21-02-2023-6898357.png', '2023-02-21 02:36:36', '2023-02-21 02:36:36');
INSERT INTO `berita` (`id`, `judul`, `gambar`, `created_at`, `updated_at`) VALUES (325, 'SATPOL-PP KOTA BANJARMASIN. Kegiatan Pemberdayaan Perlindungan Masyarakat Dalam Rangka Ketentraman Dan Ketertiban Umum Kota Banjarmasin.', '21-02-2023-8871358.png', '2023-02-21 02:38:04', '2023-02-21 02:38:04');
INSERT INTO `berita` (`id`, `judul`, `gambar`, `created_at`, `updated_at`) VALUES (326, 'SATPOL-PP KOTA BANJARMASIN. Pengawasan terhadap Pedagang Kaki Lima dikawasan Banjarmasin Utara.', '23-02-2023-6641359.png', '2023-02-23 00:15:29', '2023-02-23 00:15:29');
INSERT INTO `berita` (`id`, `judul`, `gambar`, `created_at`, `updated_at`) VALUES (327, 'SATPOL-PP KOTA BANJARMASIN. Menindak lanjuti laporan masyarakat perihal adanya ODGJ yang meresahkan warga sekitar.', '27-02-2023-7617360.png', '2023-02-27 01:18:19', '2023-02-27 01:18:19');
INSERT INTO `berita` (`id`, `judul`, `gambar`, `created_at`, `updated_at`) VALUES (328, 'SATPOL-PP KOTA BANJARMASIN. Penertiban papan nama yang berada di Fasum(Fasilitas Umum) Bahu Jalan Pramuka.', '27-02-2023-3291361.png', '2023-02-27 01:19:48', '2023-02-27 01:19:48');
INSERT INTO `berita` (`id`, `judul`, `gambar`, `created_at`, `updated_at`) VALUES (329, 'SATPOL-PP KOTA BANJARMASIN. Penertiban gepeng, pengamen dan tuna susila di tempat Fasilitas umum dan fasilitas sosial.', '01-03-2023-8935362.png', '2023-03-01 00:46:52', '2023-03-01 00:46:52');
INSERT INTO `berita` (`id`, `judul`, `gambar`, `created_at`, `updated_at`) VALUES (330, 'SATPOL-PP KOTA BANJARMASIN. Sosialisasi simpatik kepada Warga Banjarmasin Mengenai Perda Kota Banjarmasin.', '06-03-2023-1480363.png', '2023-03-06 00:37:48', '2023-03-06 00:37:48');
INSERT INTO `berita` (`id`, `judul`, `gambar`, `created_at`, `updated_at`) VALUES (331, 'SATPOL-PP KOTA BANJARMASIN. Pendataan izin usaha wilayah Banjarmasin Tengah.', '06-03-2023-7747364.png', '2023-03-06 00:42:43', '2023-03-06 00:42:43');
INSERT INTO `berita` (`id`, `judul`, `gambar`, `created_at`, `updated_at`) VALUES (332, 'SATPOL-PP KOTA BANJARMASIN. Penertiban dan pengawasan terkait anjal, gepeng, pengamen, tunawisma bahkan becak yang tidak pada tempatnya ataupun melanggar ketentuan.', '06-03-2023-8630365.png', '2023-03-06 00:45:54', '2023-03-06 00:45:54');
INSERT INTO `berita` (`id`, `judul`, `gambar`, `created_at`, `updated_at`) VALUES (333, 'SATPOL-PP KOTA BANJARMASIN. Tertibkan PKL yang menggunakan badan jalan.', '06-03-2023-1770366.png', '2023-03-06 00:48:38', '2023-03-06 00:48:38');
INSERT INTO `berita` (`id`, `judul`, `gambar`, `created_at`, `updated_at`) VALUES (334, 'SATPOL-PP KOTA BANJARMASIN. Penanganan Geldandangan dan Pengemis yang dibantu oleh jajaran dishub kota banjarmasin melalui peralatan yg tersambung di CCTV milik Dinas Perhubungan Kota Banjarmasin.', '06-03-2023-4938367.png', '2023-03-06 00:51:01', '2023-03-06 00:51:01');
INSERT INTO `berita` (`id`, `judul`, `gambar`, `created_at`, `updated_at`) VALUES (335, 'SATPOL-PP KOTA BANJARMASIN. Menertibkan anak berkostum badut yang sering beraktivitas di lampu merah serta mengantar sepasang suami istri yang terlantar kerumah singgah.', '08-03-2023-5608368.png', '2023-03-08 01:17:30', '2023-03-08 01:17:30');
INSERT INTO `berita` (`id`, `judul`, `gambar`, `created_at`, `updated_at`) VALUES (336, 'SATPOL-PP KOTA BANJARMASIN. sosialisasi simpatik dipersimpangan lampu merah belitung Peraturan Daerah Kota Banjarmasin Nomor 14 Tahun 2015 Tentang Penyelenggaraan Kebersihan, Keindahan, Ketertiban Dan Kesehatan Lingkungan.', '08-03-2023-5332369.png', '2023-03-08 01:30:13', '2023-03-08 01:30:13');
INSERT INTO `berita` (`id`, `judul`, `gambar`, `created_at`, `updated_at`) VALUES (337, 'SATPOL-PP KOTA BANJARMASIN. Menyikapi laporan masyarakat adanya odgj yang meresahkan warga sekitar.', '08-03-2023-3483370.png', '2023-03-08 01:35:18', '2023-03-08 01:35:18');
INSERT INTO `berita` (`id`, `judul`, `gambar`, `created_at`, `updated_at`) VALUES (338, 'SATPOL-PP KOTA BANJARMASIN. Penertiban PKL yang berjualan diatas jembatan pasar dan pedagang pentol yang berjualan di badan jalan Sutoyo\'s.', '08-03-2023-6240371.png', '2023-03-08 01:39:03', '2023-03-08 01:39:03');
INSERT INTO `berita` (`id`, `judul`, `gambar`, `created_at`, `updated_at`) VALUES (339, 'SATPOL-PP KOTA BANJARMASIN. PAM Acara peresmian Gedung Museum Kota Banjarmasin.', '14-03-2023-4946372.png', '2023-03-14 02:55:10', '2023-03-14 02:55:10');
INSERT INTO `berita` (`id`, `judul`, `gambar`, `created_at`, `updated_at`) VALUES (340, 'SATPOL-PP KOTA BANJARMASIN. Melaksanakan pelatihan fisik tentang peningkatan pengetahuan “Kebakaran dan Penyelamatan” di lapangan Kamboja Kota Banjarmasin.', '14-03-2023-6901373.png', '2023-03-14 02:58:05', '2023-03-14 02:58:05');
INSERT INTO `berita` (`id`, `judul`, `gambar`, `created_at`, `updated_at`) VALUES (341, 'SATPOL-PP KOTA BANJARMASIN. PAM Acara opening expo banjarmasin basasirangan berlokasi disiring menara pandang jalan kapten pierre tendean.', '14-03-2023-9375374.png', '2023-03-14 03:35:11', '2023-03-14 03:35:11');
INSERT INTO `berita` (`id`, `judul`, `gambar`, `created_at`, `updated_at`) VALUES (342, 'SATPOL-PP KOTA BANJARMASIN. PAM Acara opening Banjarmasin Sasirangan Festival ke-7 berlokasi di Taman siring 0km jalan Jendral Sudirman.', '14-03-2023-6609375.png', '2023-03-14 03:39:08', '2023-03-14 03:39:08');
INSERT INTO `berita` (`id`, `judul`, `gambar`, `created_at`, `updated_at`) VALUES (343, 'SATPOL-PP KOTA BANJARMASIN. Satpol-PP ikut berpartisipasi dalam rangka acara Banjarmasin Sasirangan Festival ke-7th.', '14-03-2023-3883376.png', '2023-03-14 03:44:58', '2023-03-14 03:44:58');
INSERT INTO `berita` (`id`, `judul`, `gambar`, `created_at`, `updated_at`) VALUES (344, 'SATPOL-PP KOTA BANJARMASIN. Pengecekan Bangunan Liar yang di Bangun Persis di Area Sempadan Sungai Jalan Cemara Ujung.', '16-03-2023-7887377.png', '2023-03-16 03:53:44', '2023-03-16 03:53:44');
INSERT INTO `berita` (`id`, `judul`, `gambar`, `created_at`, `updated_at`) VALUES (345, 'SATPOL-PP KOTA BANJARMASIN. Pembinaan Kepada Masyarakat Pelaku Usaha Dalam Rangka Dampak Penegakan Peraturan Daerah dan Peraturan Kepala Daerah.', '21-03-2023-6820378.png', '2023-03-21 02:04:11', '2023-03-21 02:04:11');
INSERT INTO `berita` (`id`, `judul`, `gambar`, `created_at`, `updated_at`) VALUES (346, 'SATPOL-PP KOTA BANJARMASIN. Pengecekan, pengawasan adanya potensi gangguan tibumtranmasy kawasan di Siring Menara Pandang.', '09-06-2023-6634435.png', '2023-06-09 00:17:45', '2023-06-09 00:17:45');
INSERT INTO `berita` (`id`, `judul`, `gambar`, `created_at`, `updated_at`) VALUES (347, 'SATPOL-PP KOTA BANJARMASIN. Melaksanakan kegiatan penertiban dan peneguran kepada pelanggar Perda Kota Banjarmasin.', '09-06-2023-946436.png', '2023-06-09 00:18:02', '2023-06-09 00:18:02');
INSERT INTO `berita` (`id`, `judul`, `gambar`, `created_at`, `updated_at`) VALUES (348, 'SATPOL-PP KOTA BANJARMASIN. Melaksanakan giat penertiban kepada seorang pengamen yang sering beraktivitas di persimpangan lampu merah.', '09-06-2023-5226437.png', '2023-06-09 00:18:16', '2023-06-09 00:18:16');
INSERT INTO `berita` (`id`, `judul`, `gambar`, `created_at`, `updated_at`) VALUES (349, 'SATPOL-PP KOTA BANJARMASIN. Penertiban terhadap pedagang kaki lima (PKL) yang berjualan dibahu jalan dan dibadan jalan.', '09-06-2023-7329438.png', '2023-06-09 00:18:32', '2023-06-09 00:18:32');
INSERT INTO `berita` (`id`, `judul`, `gambar`, `created_at`, `updated_at`) VALUES (350, 'SATPOL-PP KOTA BANJARMASIN. Melaksanakan giat patroli rutin di Kota Banjarmasin melalui Bidang Tibum Satpol PP.', '09-06-2023-8557439.png', '2023-06-09 00:18:45', '2023-06-09 00:18:45');
INSERT INTO `berita` (`id`, `judul`, `gambar`, `created_at`, `updated_at`) VALUES (351, 'SATPOL-PP KOTA BANJARMASIN. Kegiatan Pembinaan Perlindungan Masyarakat Dalam Rangka Ketentraman Dan Ketertiban Umum Kota Banjarmasin.', '19-06-2023-5239440.png', '2023-06-19 07:48:01', '2023-06-19 07:48:01');
INSERT INTO `berita` (`id`, `judul`, `gambar`, `created_at`, `updated_at`) VALUES (352, 'SATPOL-PP KOTA BANJARMASIN. Melaksanakan kegiatan pengecekkan, pengawasan adanya potensi gangguan TibumTransMasy disimpang 4 lampu merah.', '12-07-2023-9581457.png', '2023-07-12 01:21:25', '2023-07-12 01:21:25');
INSERT INTO `berita` (`id`, `judul`, `gambar`, `created_at`, `updated_at`) VALUES (353, 'SATPOL-PP KOTA BANJARMASIN. Membagikan Surat Undangan Rapat Forum Kewaspadaan Dini Kesejumlah kantor Dinas se Kota Banjarmasin.', '12-07-2023-9043456.png', '2023-07-12 01:22:22', '2023-07-12 01:22:22');
INSERT INTO `berita` (`id`, `judul`, `gambar`, `created_at`, `updated_at`) VALUES (354, 'SATPOL-PP KOTA BANJARMASIN. Apel Gelar Pasukan dalam rangka Kesiapan Operasi Kepolisian Kewilayahan “Patuh Intan-2023” di halaman Polresta Banjarmasin.', '12-07-2023-2326455.png', '2023-07-12 01:29:11', '2023-07-12 01:29:11');
INSERT INTO `berita` (`id`, `judul`, `gambar`, `created_at`, `updated_at`) VALUES (355, 'SATPOL-PP KOTA BANJARMASIN. Melaksanakan kegiatan Gabungan Bersama Dinkes Kota Banjarmasin.', '12-07-2023-4914454.png', '2023-07-12 01:30:32', '2023-07-12 01:30:32');
INSERT INTO `berita` (`id`, `judul`, `gambar`, `created_at`, `updated_at`) VALUES (356, 'SATPOL-PP KOTA BANJARMASIN. Melaksanakan kegiatan yustisi terhadap PKL yang melanggar Perda.', '12-07-2023-9301453.png', '2023-07-12 01:33:36', '2023-07-12 01:33:36');
INSERT INTO `berita` (`id`, `judul`, `gambar`, `created_at`, `updated_at`) VALUES (357, 'SATPOL-PP KOTA BANJARMASIN. Melaksanakan rapat koordinasi perihal kawasan tanpa rokok (KTR).', '12-07-2023-881458.png', '2023-07-12 01:39:49', '2023-07-12 01:39:49');
INSERT INTO `berita` (`id`, `judul`, `gambar`, `created_at`, `updated_at`) VALUES (358, 'SATPOL-PP KOTA BANJARMASIN. Menindak lanjuti laporan masyarakat perihal tenda yang berada di kawasan Siring dekat Mesjid Sabilal Muhtadin.', '12-07-2023-6120459.png', '2023-07-12 01:42:00', '2023-07-12 01:42:00');
INSERT INTO `berita` (`id`, `judul`, `gambar`, `created_at`, `updated_at`) VALUES (359, 'SATPOL-PP KOTA BANJARMASIN. Menjemput ODGJ untuk di antar ke RSJ Sambang Lihum agar mendapatkan penanganan khusus.', '17-07-2023-85460.png', '2023-07-17 00:59:19', '2023-07-17 00:59:19');
INSERT INTO `berita` (`id`, `judul`, `gambar`, `created_at`, `updated_at`) VALUES (360, 'SATPOL-PP KOTA BANJARMASIN. Penertiban dan peneguran terhadap pkl durian yang ingin berjualan dibahu jalan seberang SMPN 5.', '17-07-2023-6669461.png', '2023-07-17 01:00:53', '2023-07-17 01:00:53');
INSERT INTO `berita` (`id`, `judul`, `gambar`, `created_at`, `updated_at`) VALUES (361, 'SATPOL-PP KOTA BANJARMASIN. Penertiban serta pelepasan spanduk dijalan Sungai Andai.', '17-07-2023-2568462.png', '2023-07-17 01:04:37', '2023-07-17 01:04:37');
INSERT INTO `berita` (`id`, `judul`, `gambar`, `created_at`, `updated_at`) VALUES (362, 'SATPOL-PP KOTA BANJARMASIN. Penertiban terhadap PKl ( pedagang kaki lima ) yang berjualan di bahu, badan dan trotoar jalan.', '17-07-2023-6465463.png', '2023-07-17 01:08:52', '2023-07-17 01:08:52');
INSERT INTO `berita` (`id`, `judul`, `gambar`, `created_at`, `updated_at`) VALUES (363, 'SATPOL-PP KOTA BANJARMASIN. Pengecekan dan pengawasan adanya potensi gangguan Tibumtranmasy di persimpangan lampu merah.', '17-07-2023-4910464.png', '2023-07-17 01:12:34', '2023-07-17 01:12:34');
INSERT INTO `berita` (`id`, `judul`, `gambar`, `created_at`, `updated_at`) VALUES (364, 'SATPOL-PP KOTA BANJARMASIN. Pengecekan TibumTransMasy yang berada dikawasan simp. 4 lampu merah belitung, negatif pengamen.', '17-07-2023-1043465.png', '2023-07-17 05:30:43', '2023-07-17 05:30:43');
INSERT INTO `berita` (`id`, `judul`, `gambar`, `created_at`, `updated_at`) VALUES (365, 'SATPOL-PP KOTA BANJARMASIN. Membagikan surat teguran ke 2 terhadap pelaku usaha sepanjang jalan kuripan.', '17-07-2023-8901466.png', '2023-07-17 05:32:11', '2023-07-17 05:32:11');
INSERT INTO `berita` (`id`, `judul`, `gambar`, `created_at`, `updated_at`) VALUES (366, 'SATPOL-PP KOTA BANJARMASIN. Peneguran kembali kepada keluarga pemilik rumah ex kebakaran yang berada di atas sungai untuk tidak dibangun kembali.', '17-07-2023-9465467.png', '2023-07-17 05:35:02', '2023-07-17 05:35:02');
INSERT INTO `berita` (`id`, `judul`, `gambar`, `created_at`, `updated_at`) VALUES (367, 'SATPOL-PP KOTA BANJARMASIN. Melakukan Kegiatan Kawasan Tanpa Rokok (KTR) di Puskesmas Pemurus Baru & Puskesmas Beruntung Raya.', '17-07-2023-5573468.png', '2023-07-17 05:38:56', '2023-07-17 05:38:56');
INSERT INTO `berita` (`id`, `judul`, `gambar`, `created_at`, `updated_at`) VALUES (368, 'SATPOL-PP KOTA BANJARMASIN. Penertiban pengamen yang melakukan aktivitas di simpang 4 lampu merah pasar lama.', '17-07-2023-7772469.png', '2023-07-17 05:41:21', '2023-07-17 05:41:21');
INSERT INTO `berita` (`id`, `judul`, `gambar`, `created_at`, `updated_at`) VALUES (369, 'Melaksanakan kegiatan yustisi terhadap PKL ( pedagang kaki lima ) yang berjualan di bahu jalan, badan jalan, trotoar dan diatas drainase.', '17-07-2023-5830470.png', '2023-07-17 05:47:11', '2023-07-17 05:47:11');
INSERT INTO `berita` (`id`, `judul`, `gambar`, `created_at`, `updated_at`) VALUES (370, 'SATPOL-PP KOTA BANJARMASIN. Melaksanakan giat gabungan dengan Polresta Banjarmasin dalam rangka “Peduli Lingkungan Membersihkan Sampah di Kota Banjarmasin” pada 3 titik lokasi.', '17-07-2023-8202471.png', '2023-07-17 05:50:53', '2023-07-17 05:50:53');
INSERT INTO `berita` (`id`, `judul`, `gambar`, `created_at`, `updated_at`) VALUES (371, 'SATPO-PP KOTA BANJARMASIN. Menindak lanjuti laporan dari beberapa sekolah yang ada di mulawarman perihal PKL.', '17-07-2023-2066472.png', '2023-07-17 05:53:54', '2023-07-17 05:53:54');
INSERT INTO `berita` (`id`, `judul`, `gambar`, `created_at`, `updated_at`) VALUES (372, 'SATPOL-PP KOTA BANJARMASIN. Kegiatan pengamanan acara Kemah Bela Negara Tingkat Nasional Tahun 2023.', '17-07-2023-7799473.png', '2023-07-17 05:56:49', '2023-07-17 05:56:49');
INSERT INTO `berita` (`id`, `judul`, `gambar`, `created_at`, `updated_at`) VALUES (373, 'SATPOL-PP KOTA BANJARMASIN. Kegiatan Pengecekan, pengawasan adanya potensi gangguan Tibumtranmasy di kawasan simpang 4 lampu merah Antasari.', '17-07-2023-4424474.png', '2023-07-17 05:59:24', '2023-07-17 05:59:24');
INSERT INTO `berita` (`id`, `judul`, `gambar`, `created_at`, `updated_at`) VALUES (374, 'SATPOL-PP KOTA BANJARMASIN. Melaksanakan Penertiban ODGJ.', '17-07-2023-1921475.png', '2023-07-17 06:03:25', '2023-07-17 06:03:25');
INSERT INTO `berita` (`id`, `judul`, `gambar`, `created_at`, `updated_at`) VALUES (375, 'SATPOL-PP KOTA BANJARMASIN. Sosialisasi kepada pedagang yang menaruh dagangan diatas trotoar dan peneguran kepada pemilik warung yang menaruh Stand Banner di atas trotoar.', '17-07-2023-4711476.png', '2023-07-17 06:04:42', '2023-07-17 06:04:42');
INSERT INTO `berita` (`id`, `judul`, `gambar`, `created_at`, `updated_at`) VALUES (376, 'SATPOL-PP KOTA BANJARMASIN. Melaksanakan Penertiban dan peneguran terhadap warga yang menggantung pakaian dan bantal dibawah jembatan dewi.', '17-07-2023-4224477.png', '2023-07-17 06:07:26', '2023-07-17 06:07:26');
INSERT INTO `berita` (`id`, `judul`, `gambar`, `created_at`, `updated_at`) VALUES (377, 'SATPOL-PP KOTA BANJARMASIN. Melaksanakan kegiatan Yustisi kepada warga masyarakat yang membuang sampah di TPS tidak pada jam yang telah ditentukan.', '17-07-2023-8709478.png', '2023-07-17 06:12:26', '2023-07-17 06:12:26');
INSERT INTO `berita` (`id`, `judul`, `gambar`, `created_at`, `updated_at`) VALUES (378, 'SATPOL-PP KOTA BANJARMASIN. Melaksanakan kegiatan Pengecekan, pengawasan adanya potensi gangguan Tibumtranmasy di kawasan simpang 4 lampu merah RK.ilir.', '17-07-2023-9201479.png', '2023-07-17 06:17:56', '2023-07-17 06:17:56');
INSERT INTO `berita` (`id`, `judul`, `gambar`, `created_at`, `updated_at`) VALUES (379, 'SATPOL-PP KOTA BANJARMASIN. Kegiatan Penyediaan Layanan Dalam Rangka Dampak Penegakan Peraturan Daerah dan Perkada.', '27-07-2023-2285480.png', '2023-07-27 03:40:55', '2023-07-27 03:40:55');
INSERT INTO `berita` (`id`, `judul`, `gambar`, `created_at`, `updated_at`) VALUES (380, 'SATPOL-PP KOTA BANJARMASIN. Melaksanakan kegiatan penertiban dan peneguran kepada PKL sayur yang berjualan di atas trotoar jalan depan Meskalteng.', '27-07-2023-6406481.png', '2023-07-27 03:46:56', '2023-07-27 03:46:56');
INSERT INTO `berita` (`id`, `judul`, `gambar`, `created_at`, `updated_at`) VALUES (381, 'SATPOL-PP KOTA BANJARMASIN. Sosialisasi kepada PKL yang berjualan di depan maupun didalam Makam Sultan Suriansyah.', '27-07-2023-7052482.png', '2023-07-27 03:49:59', '2023-07-27 03:49:59');
INSERT INTO `berita` (`id`, `judul`, `gambar`, `created_at`, `updated_at`) VALUES (382, 'SATPOL-PP KOTA BANJARMASIN. Melaksanakan kegiatan pengamanan pasar murah TPID di exs Kantor Gubernur Kal-Sel.', '27-07-2023-8172483.png', '2023-07-27 03:59:03', '2023-07-27 03:59:03');
INSERT INTO `berita` (`id`, `judul`, `gambar`, `created_at`, `updated_at`) VALUES (383, 'SATPOL-PP KOTA BANJARMASIN. Anggota Satpol-PP melaksanakan Pelatihan Fisik Airsoft Gun di Halaman Belakang Kantor Satpol-PP Kota Banjarmasin.', '27-07-2023-7938484.png', '2023-07-27 04:00:58', '2023-07-27 04:00:58');
INSERT INTO `berita` (`id`, `judul`, `gambar`, `created_at`, `updated_at`) VALUES (384, 'SATPOL-PP KOTA BANJARMASIN. Melaksanakan kegiatan penertiban kepada tunawisma.', '27-07-2023-8146485.png', '2023-07-27 04:18:31', '2023-07-27 04:18:31');
INSERT INTO `berita` (`id`, `judul`, `gambar`, `created_at`, `updated_at`) VALUES (385, 'SATPOL-PP KOTA BANJARMASIN. Melaksanakan rapat koordinasi hubungan antar lembaga dalam rangka sinkronisasi pengawasan atas kepatuhan terhadap pelaksanaan Peraturan Daerah Kota Banjarmasin.', '27-07-2023-5268486.png', '2023-07-27 04:20:17', '2023-07-27 04:20:17');
INSERT INTO `berita` (`id`, `judul`, `gambar`, `created_at`, `updated_at`) VALUES (386, 'SATPOL-PP KOTA BANJARMASIN. Melaksanakan kegiatan penyisiran serta penertiban dan peneguran kepada PKL Tambal Ban di sepanjang Jalan A.Yani.', '27-07-2023-7561487.png', '2023-07-27 04:27:04', '2023-07-27 04:27:04');
INSERT INTO `berita` (`id`, `judul`, `gambar`, `created_at`, `updated_at`) VALUES (387, 'SATPOL-PP KOTA BANJARMASIN. Melaksanakan kegiatan yustisi sampah terhadap warga masyarakat yang membuang sampah tidak pada jam yabg telah ditentukan.', '27-07-2023-2765488.png', '2023-07-27 04:30:48', '2023-07-27 04:30:48');
INSERT INTO `berita` (`id`, `judul`, `gambar`, `created_at`, `updated_at`) VALUES (388, 'SATPOL-PP KOTA BANJARMASIN. Melaksanakan kegiatan pengecekkan dan pengawasan serta melakukan tindakan yustisi sampah bagi warga masyarakat yang membuang sampah sampah tidak pada jam yang telah ditentukan.', '27-07-2023-52489.png', '2023-07-27 05:49:51', '2023-07-27 05:49:51');
INSERT INTO `berita` (`id`, `judul`, `gambar`, `created_at`, `updated_at`) VALUES (389, 'SATPOL-PP KOTA BANJARMASIN. Koordinasi dengan pihak PKB diminta untuk segera melepas Bendera / Umbul umbul atribut yang tepasang di tempat terlarang.', '27-07-2023-3060490.png', '2023-07-27 05:50:29', '2023-07-27 05:50:29');
INSERT INTO `berita` (`id`, `judul`, `gambar`, `created_at`, `updated_at`) VALUES (390, 'SATPOL-PP KOTA BANJARMASIN. Melaksanakan Sosialisasi Peraturan Daerah Kota Banjarmasin No. 1 Tahun 2015 Tentang Penyelenggaraan Bengkel Umum Kendaraan Bermotor kepada Pelaku Usaha (Bengkel).', '27-07-2023-7661491.png', '2023-07-27 05:52:15', '2023-07-27 05:52:15');
INSERT INTO `berita` (`id`, `judul`, `gambar`, `created_at`, `updated_at`) VALUES (391, 'SATPOL-PP KOTA BANJARMASIN. Pengecekan TibumTransMasy yang berada dikawasan simp. 4 lampu merah antasari, negatif pengamen. Jalan P. Antasari.', '27-07-2023-720492.png', '2023-07-27 05:55:15', '2023-07-27 05:55:15');
INSERT INTO `berita` (`id`, `judul`, `gambar`, `created_at`, `updated_at`) VALUES (392, 'SATPOL-PP KOTA BANJARMASIN. Melakukan penertiban terhadap pengamen, pengemis dan badut yang melakukan aktivitas di simpang 4 lampu merah yang ada di Kota Banjarmasin.', '27-07-2023-875493.png', '2023-07-27 05:56:36', '2023-07-27 05:56:36');
INSERT INTO `berita` (`id`, `judul`, `gambar`, `created_at`, `updated_at`) VALUES (393, 'SATPOL-PP KOTA BANJARMASIN. Penertiban dan peneguran terhadap pkl minuman yang berjualan diatas trotoar jalan, depan STIEMI.', '28-07-2023-1445495.png', '2023-07-28 01:47:49', '2023-07-28 01:47:49');
INSERT INTO `berita` (`id`, `judul`, `gambar`, `created_at`, `updated_at`) VALUES (394, 'SATPOL-PP KOTA BANJARMASIN. Melaksanakan kegiatan sosialisasi kepada PKL yang berjualan di atas trotoar dan Banner yang berada di bahu jalan.', '28-07-2023-709496.png', '2023-07-28 01:51:57', '2023-07-28 01:51:57');
INSERT INTO `berita` (`id`, `judul`, `gambar`, `created_at`, `updated_at`) VALUES (395, 'SATPOL-PP KOTA BANJARMASIN. Melaksanakan kegiatan pengecekkan dan pengawasan adanya potensi gangguan Tibuntransmasy di kawasan taman karindangan.', '28-07-2023-4899497.png', '2023-07-28 01:55:09', '2023-07-28 01:55:09');
INSERT INTO `berita` (`id`, `judul`, `gambar`, `created_at`, `updated_at`) VALUES (396, 'SATPOL-PP KOTA BANJARMASIN. Melaksanakan kegiatan penertiban dan peneguran serta di amankan 3 orang Gepeng yang mangkal di kawasan simpang 4 lampu merah KNPI.', '28-07-2023-1793498.png', '2023-07-28 01:55:51', '2023-07-28 01:55:51');
INSERT INTO `berita` (`id`, `judul`, `gambar`, `created_at`, `updated_at`) VALUES (397, 'SATPOL-PP KOTA BANJARMASIN. Melaksanakan kegiatan menjemput ODGJ untuk diantarkan ke RSJ Sambang Lihum agar mendapatkan penanganan khusus, di dampingi pihak Dinas Sosial.', '22-08-2023-6311517.png', '2023-08-22 00:57:59', '2023-08-22 00:57:59');
INSERT INTO `berita` (`id`, `judul`, `gambar`, `created_at`, `updated_at`) VALUES (398, 'SATPOL-PP KOTA BANJARMASIN. Penertiban dan Peneguran PKL buah yang berjualan di bahu jalan.', '22-08-2023-8484518.png', '2023-08-22 01:02:47', '2023-08-22 01:02:47');
INSERT INTO `berita` (`id`, `judul`, `gambar`, `created_at`, `updated_at`) VALUES (399, 'SATPOL-PP KOTA BANJARMASIN. Melaksanakn kegiatan Gladi Simulasi Sispamkota dalam rangka mewujudkan pemilu damai tahun 2024 di Kota Banjarmasin.', '22-08-2023-7364519.png', '2023-08-22 01:05:26', '2023-08-22 01:05:26');
INSERT INTO `berita` (`id`, `judul`, `gambar`, `created_at`, `updated_at`) VALUES (400, 'SATPOL-PP KOTA BANJARMASIN. Pengecekan dan pengawasan adanya potensi gangguan tibumtranmasy di kawasan ex. KWM.', '22-08-2023-1565520.png', '2023-08-22 01:06:16', '2023-08-22 01:06:16');
INSERT INTO `berita` (`id`, `judul`, `gambar`, `created_at`, `updated_at`) VALUES (401, 'SATPOL-PP KOTA BANJARMASIN. Mengikuti Apel dan kegiatan Simulasi Sistem Pengamanan Kota ( Sispamkota ) dalam rangka mewujudkan Pemilu Damai 2024 di Kota Banjarmasin.', '22-08-2023-5477521.png', '2023-08-22 01:08:28', '2023-08-22 01:08:28');
INSERT INTO `berita` (`id`, `judul`, `gambar`, `created_at`, `updated_at`) VALUES (402, 'SATPOL-PP KOTA BANJARMASIN. Melaksanakan kegiatan penertiban dan pelepasan spanduk yang membentang di badan jalan dan mengikat ditiang listrik.', '22-08-2023-778526.png', '2023-08-22 08:51:41', '2023-08-22 08:51:41');
INSERT INTO `berita` (`id`, `judul`, `gambar`, `created_at`, `updated_at`) VALUES (403, 'SATPOL-PP KOTA BANJARMASIN. Melaksanakan kegiatan pengecekan dan pengawasan adanya potensi gangguan tibumtranmasy di kawasan persimpangan lampu merah.', '23-08-2023-276528.png', '2023-08-23 23:40:00', '2023-08-23 23:40:00');
INSERT INTO `berita` (`id`, `judul`, `gambar`, `created_at`, `updated_at`) VALUES (404, 'SATPOL-PP KOTA BANJARMASIN. Melaksanakan kegiatan pengecekkan dan pengawasan di bangunan rumah kawasan RPH ( Rumah Potong Hewan ) yang akan dibongkar.', '23-08-2023-3517529.png', '2023-08-23 23:41:38', '2023-08-23 23:41:38');
INSERT INTO `berita` (`id`, `judul`, `gambar`, `created_at`, `updated_at`) VALUES (405, 'SATPOL-PP KOTA BANJARMASIN. Melaksanakan kegiatan mengantarkan 3 orang tunawisma yang sering mengganggu warga untuk diantarkan ke rumah singgah.', '25-08-2023-3052530.png', '2023-08-25 00:27:16', '2023-08-25 00:27:16');
INSERT INTO `berita` (`id`, `judul`, `gambar`, `created_at`, `updated_at`) VALUES (406, 'SATPOL-PP KOTA BANJARMASIN. Melaksanakan kegiatan Penertiban eks lokasi kebakaran di jalan Bandarmasih yang mendirikan bangunan kembali di bantaran sungai.', '25-08-2023-877531.png', '2023-08-25 00:32:23', '2023-08-25 00:32:23');
INSERT INTO `berita` (`id`, `judul`, `gambar`, `created_at`, `updated_at`) VALUES (407, 'SATPOL-PP KOTA BANJARMASIN. Melaksanakan kegiatan penertiban bangunan rumah kawasan RPH ( Rumah Potong Hewan ) di jalan Mantuil.', '25-08-2023-1525532.png', '2023-08-25 00:32:57', '2023-08-25 00:32:57');
INSERT INTO `berita` (`id`, `judul`, `gambar`, `created_at`, `updated_at`) VALUES (408, 'SATPOL-PP KOTA BANJARMASIN. Melaksanakan kegiatan pengecekan dan pengawasan adanya potensi gangguan tibumtranmasy di kawasan persimpangan lampu merah.', '25-08-2023-255533.png', '2023-08-25 00:36:19', '2023-08-25 00:36:19');
INSERT INTO `berita` (`id`, `judul`, `gambar`, `created_at`, `updated_at`) VALUES (409, 'SATPOL-PP KOTA BANJARMASIN. Melaksanakan kegiatan pengamanan Teluk Kelayan Bersholawat.', '29-08-2023-4249539.png', '2023-08-29 00:02:20', '2023-08-29 00:02:20');
INSERT INTO `berita` (`id`, `judul`, `gambar`, `created_at`, `updated_at`) VALUES (410, 'SATPOL-PP KOTA BANJARMASIN. Melaksanakan kegiatan pengecekkan dan pengawasan adanya potensi gangguan Tibumtransmasy.', '29-08-2023-6403540.png', '2023-08-29 02:20:44', '2023-08-29 02:20:44');
INSERT INTO `berita` (`id`, `judul`, `gambar`, `created_at`, `updated_at`) VALUES (411, 'SATPOL-PP KOTA BANJARMASIN. menyikapi laporan perihal ODGj yang berada di Poswas KM 6.', '29-08-2023-4929541.png', '2023-08-29 02:21:13', '2023-08-29 02:21:13');
INSERT INTO `berita` (`id`, `judul`, `gambar`, `created_at`, `updated_at`) VALUES (412, 'SATPOL-PP KOTA BANJARMASIN. Melaksanakan kegiatan penertiban dan di amankan 1 orang Gepeng yang melakukan Aktivitas di simpang 4 lampu merah Capung.', '29-08-2023-189542.png', '2023-08-29 02:29:15', '2023-08-29 02:29:15');
INSERT INTO `berita` (`id`, `judul`, `gambar`, `created_at`, `updated_at`) VALUES (413, 'SATPOL-PP KOTA BANJARMASIN. Melaksanakan kegiatan sosialisasi dan memberikan himbauan terhadap PKL ( Pedagang Kaki Lima ) yang berjualan di bahu jalan dan badan jalan sepanjang jalan Veteran.', '31-08-2023-1001543.png', '2023-08-31 07:18:54', '2023-08-31 07:18:54');
INSERT INTO `berita` (`id`, `judul`, `gambar`, `created_at`, `updated_at`) VALUES (414, 'SATPOL-PP KOTA BANJARMASIN. Penertiban dan peneguran serta di amankan 1 buah etalase berisi jambu 21 buah.', '31-08-2023-6462544.png', '2023-08-31 07:21:25', '2023-08-31 07:21:25');
INSERT INTO `berita` (`id`, `judul`, `gambar`, `created_at`, `updated_at`) VALUES (415, 'SATPOL-PP KOTA BANJARMASIN. Melaksanakan kegiatan sosialisasi dan memberikan himbauan kepada para pelaku usaha dan pkl ( pedagang Kaki Lima ) yang berjualan di bahu jalan dan badan jalan di sepanjang jalan veteran.', '31-08-2023-9788545.png', '2023-08-31 07:22:00', '2023-08-31 07:22:00');
INSERT INTO `berita` (`id`, `judul`, `gambar`, `created_at`, `updated_at`) VALUES (416, 'SATPOL-PP KOTA BANJARMASIN. Melaksanakan kegiatan sosialisasi dan memberikan himbauan kepada para pelaku usaha atau PKL ( Pedagang Kaki Lima ) yang berjualan diatas bahu jalan.', '04-09-2023-7498546.png', '2023-09-04 02:44:29', '2023-09-04 02:44:29');
INSERT INTO `berita` (`id`, `judul`, `gambar`, `created_at`, `updated_at`) VALUES (417, 'SATPOL-PP KOTA BANJARMASIN. Melaksanakan PAM Demo di kantor DPRD Kota Banjarmasin Jalan Lambung Mangkurat.', '04-09-2023-1556547.png', '2023-09-04 02:50:40', '2023-09-04 02:50:40');
INSERT INTO `berita` (`id`, `judul`, `gambar`, `created_at`, `updated_at`) VALUES (418, 'SATPOL-PP KOTA BANJARMASIN. Melaksanakan penertiban dan peneguran pkl yang berjualam di bahu jalan dan mengikatkan tendanya kepohon.', '04-09-2023-6239548.png', '2023-09-04 02:51:48', '2023-09-04 02:51:48');
INSERT INTO `berita` (`id`, `judul`, `gambar`, `created_at`, `updated_at`) VALUES (419, 'SATPOL-PP KOTA BANJARMASIN. Melaksanakan kegiatan mengantar ODGJ.', '04-09-2023-3336549.png', '2023-09-04 02:55:58', '2023-09-04 02:55:58');
INSERT INTO `berita` (`id`, `judul`, `gambar`, `created_at`, `updated_at`) VALUES (420, 'SATPOL-PP KOTA BANJARMASIN. Melaksanakan kegiatan pengecekkan dan pengawasan adanya potensi gangguan Tibumtransmasy di kawasan simpang 4 lampu merah.', '04-09-2023-791550.png', '2023-09-04 03:00:05', '2023-09-04 03:00:05');
COMMIT;

-- ----------------------------
-- Table structure for halaman
-- ----------------------------
DROP TABLE IF EXISTS `halaman`;
CREATE TABLE `halaman` (
  `id` int(11) unsigned NOT NULL AUTO_INCREMENT,
  `nama` varchar(255) DEFAULT NULL,
  `isi` text,
  `created_at` timestamp NULL DEFAULT NULL,
  `updated_at` timestamp NULL DEFAULT NULL,
  PRIMARY KEY (`id`) USING BTREE
) ENGINE=InnoDB AUTO_INCREMENT=4 DEFAULT CHARSET=latin1 ROW_FORMAT=DYNAMIC;

-- ----------------------------
-- Records of halaman
-- ----------------------------
BEGIN;
INSERT INTO `halaman` (`id`, `nama`, `isi`, `created_at`, `updated_at`) VALUES (1, 'tentang', '<p style=\"text-align: justify; \"><b>SIPADU </b>adalah aplikasi <b>S</b>istem <b>I</b>nformasi Ter<b>PADU </b>digunakan untuk menanggapi laporan masyarakat dapat tertangani lebih cepat agar terciptanya citra yang baik di masyarakat terhadap pelaksanaan tugas dan kegiatan <b>Satuan Polisi Pamong Praja Kota Banjarmasin</b> dan untuk mendukung tercapainya visi Kota Banjarmasin, yakni <b>\"Kayuh Baimbai Menuju Banjarmasin Baiman\"</b>&nbsp;(Bertakwa, Aman, Indah, Maju, Amanah dan Nyaman).</p>', NULL, '2022-07-28 01:32:54');
INSERT INTO `halaman` (`id`, `nama`, `isi`, `created_at`, `updated_at`) VALUES (2, 'profil', '<p style=\"text-align: justify; \"><b>Satpol PP Kota Banjarmasin</b>&nbsp;adalah perangkat Pemerintah Daerah dalam memelihara <b>Ketentraman</b> dan <b>Ketertiban Umum</b> serta menegakkan <b>Peraturan Daerah</b> Kota Banjarmasin.</p>', NULL, '2022-07-28 01:39:26');
INSERT INTO `halaman` (`id`, `nama`, `isi`, `created_at`, `updated_at`) VALUES (3, 'kontak', '<p>Telp : 0511-987765773</p><p>Email : satpol@mail.banjarmasinkota.go.id</p><p>Alamat : Jl. K.S Tubun No. 117</p>', NULL, '2022-07-20 02:36:30');
COMMIT;

-- ----------------------------
-- Table structure for kategori
-- ----------------------------
DROP TABLE IF EXISTS `kategori`;
CREATE TABLE `kategori` (
  `id` int(11) unsigned NOT NULL AUTO_INCREMENT,
  `nama` varchar(255) DEFAULT NULL,
  PRIMARY KEY (`id`) USING BTREE
) ENGINE=InnoDB AUTO_INCREMENT=21 DEFAULT CHARSET=latin1 ROW_FORMAT=DYNAMIC;

-- ----------------------------
-- Records of kategori
-- ----------------------------
BEGIN;
INSERT INTO `kategori` (`id`, `nama`) VALUES (1, 'Pedagang Kaki Lima (PKL)');
INSERT INTO `kategori` (`id`, `nama`) VALUES (2, 'Pengemis, Peminta Sumbangan & Pengamen');
INSERT INTO `kategori` (`id`, `nama`) VALUES (4, 'Reklame, Banner, Spanduk & Umbul2');
INSERT INTO `kategori` (`id`, `nama`) VALUES (5, 'Hotel, Kost - Kostan & Penginapan');
INSERT INTO `kategori` (`id`, `nama`) VALUES (6, 'Tempat Hiburan Malam (THM)');
INSERT INTO `kategori` (`id`, `nama`) VALUES (7, 'Taman Kota & Siring');
INSERT INTO `kategori` (`id`, `nama`) VALUES (8, 'Penertiban Pasar');
INSERT INTO `kategori` (`id`, `nama`) VALUES (9, 'Penertiban Salon');
INSERT INTO `kategori` (`id`, `nama`) VALUES (10, 'Minuman Beralkohol, Zenith & Lemfox');
INSERT INTO `kategori` (`id`, `nama`) VALUES (11, 'Bangunan Liar & Tidak Berijin');
INSERT INTO `kategori` (`id`, `nama`) VALUES (12, 'Tempat Pembuangan Sampah');
INSERT INTO `kategori` (`id`, `nama`) VALUES (13, 'Warnet');
INSERT INTO `kategori` (`id`, `nama`) VALUES (14, 'Sungai & Drainase');
INSERT INTO `kategori` (`id`, `nama`) VALUES (15, 'Pengendalian Massa (Demo)');
INSERT INTO `kategori` (`id`, `nama`) VALUES (16, 'Anak Jalanan & Anak Punk');
INSERT INTO `kategori` (`id`, `nama`) VALUES (17, 'Tindakan Asusila');
INSERT INTO `kategori` (`id`, `nama`) VALUES (18, 'ODGJ');
INSERT INTO `kategori` (`id`, `nama`) VALUES (19, 'Kawasan Tanpa Rokok');
INSERT INTO `kategori` (`id`, `nama`) VALUES (20, 'Ketertiban & Kebersihan Lingkungan');
COMMIT;

-- ----------------------------
-- Table structure for kategorikeluhan
-- ----------------------------
DROP TABLE IF EXISTS `kategorikeluhan`;
CREATE TABLE `kategorikeluhan` (
  `id` int(11) unsigned NOT NULL AUTO_INCREMENT,
  `nama` varchar(255) DEFAULT NULL,
  PRIMARY KEY (`id`) USING BTREE
) ENGINE=InnoDB AUTO_INCREMENT=11 DEFAULT CHARSET=utf8;

-- ----------------------------
-- Records of kategorikeluhan
-- ----------------------------
BEGIN;
INSERT INTO `kategorikeluhan` (`id`, `nama`) VALUES (1, 'Ketertiban & Kebersihan Lingkungan');
INSERT INTO `kategorikeluhan` (`id`, `nama`) VALUES (2, 'Kawasan Tanpa Rokok');
INSERT INTO `kategorikeluhan` (`id`, `nama`) VALUES (3, 'ODGJ');
INSERT INTO `kategorikeluhan` (`id`, `nama`) VALUES (4, 'Tindakan Asusila');
INSERT INTO `kategorikeluhan` (`id`, `nama`) VALUES (5, 'Anak Jalanan & Anak Punk');
INSERT INTO `kategorikeluhan` (`id`, `nama`) VALUES (6, 'Pengendalian Masa (Demo)');
INSERT INTO `kategorikeluhan` (`id`, `nama`) VALUES (7, 'Sungai & Drainase');
INSERT INTO `kategorikeluhan` (`id`, `nama`) VALUES (8, 'Warnet');
INSERT INTO `kategorikeluhan` (`id`, `nama`) VALUES (9, 'Tempat Pembuangan Sampah');
INSERT INTO `kategorikeluhan` (`id`, `nama`) VALUES (10, 'Bangunan Liar & Tidak Berijin');
COMMIT;

-- ----------------------------
-- Table structure for kecamatan
-- ----------------------------
DROP TABLE IF EXISTS `kecamatan`;
CREATE TABLE `kecamatan` (
  `id` int(11) unsigned NOT NULL AUTO_INCREMENT,
  `nama` varchar(255) DEFAULT NULL,
  PRIMARY KEY (`id`) USING BTREE
) ENGINE=InnoDB AUTO_INCREMENT=6 DEFAULT CHARSET=latin1 ROW_FORMAT=DYNAMIC;

-- ----------------------------
-- Records of kecamatan
-- ----------------------------
BEGIN;
INSERT INTO `kecamatan` (`id`, `nama`) VALUES (1, 'BANJARMASIN BARAT');
INSERT INTO `kecamatan` (`id`, `nama`) VALUES (2, 'BANJARMASIN TENGAH');
INSERT INTO `kecamatan` (`id`, `nama`) VALUES (3, 'BANJARMASIN UTARA');
INSERT INTO `kecamatan` (`id`, `nama`) VALUES (4, 'BANJARMASIN TIMUR');
INSERT INTO `kecamatan` (`id`, `nama`) VALUES (5, 'BANJARMASIN SELATAN');
COMMIT;

-- ----------------------------
-- Table structure for keluhan
-- ----------------------------
DROP TABLE IF EXISTS `keluhan`;
CREATE TABLE `keluhan` (
  `id` int(11) unsigned NOT NULL AUTO_INCREMENT,
  `kecamatan_id` int(11) unsigned DEFAULT NULL,
  `kelurahan_id` int(10) unsigned DEFAULT NULL,
  `alamat` text,
  `isi` text,
  `foto_keluhan` text,
  `user_id` int(11) DEFAULT NULL,
  `created_at` timestamp NULL DEFAULT NULL,
  `updated_at` timestamp NULL DEFAULT NULL,
  `kategori_id` int(10) unsigned DEFAULT NULL,
  `status` int(1) unsigned DEFAULT '0' COMMENT '0:di kirim, 1:di proses, 2:selesai',
  `solver` int(11) unsigned DEFAULT NULL,
  `keterangan` text,
  `foto_selesai` text,
  PRIMARY KEY (`id`) USING BTREE,
  KEY `solver_keluhan` (`solver`) USING BTREE,
  CONSTRAINT `solver_keluhan` FOREIGN KEY (`solver`) REFERENCES `pegawai` (`id`) ON UPDATE CASCADE
) ENGINE=InnoDB AUTO_INCREMENT=63 DEFAULT CHARSET=latin1 ROW_FORMAT=DYNAMIC;

-- ----------------------------
-- Records of keluhan
-- ----------------------------
BEGIN;
INSERT INTO `keluhan` (`id`, `kecamatan_id`, `kelurahan_id`, `alamat`, `isi`, `foto_keluhan`, `user_id`, `created_at`, `updated_at`, `kategori_id`, `status`, `solver`, `keterangan`, `foto_selesai`) VALUES (5, 1, 9, 'Lampu Merah Jembatan Teluk Tiram', 'ODGJ tanpa busana mengganggu pengendara', NULL, 23, '2022-07-29 01:39:51', '2022-07-29 02:08:33', 18, 2, 30, 'Negatif odgj', '29-07-2022-6715IMG_20220729_100741.jpg');
INSERT INTO `keluhan` (`id`, `kecamatan_id`, `kelurahan_id`, `alamat`, `isi`, `foto_keluhan`, `user_id`, `created_at`, `updated_at`, `kategori_id`, `status`, `solver`, `keterangan`, `foto_selesai`) VALUES (6, 4, 39, 'Jalan Pramuka kecamatan Banjarmasin Timur khususnya didepan indomaret depan halte semanda', 'Ada tukang pentol yang sering mangkal tepat depan indomaret dan atm sehingga pengunjung terganggu akses keluar masuk tempat tersebut', '29-07-2022-8770B5262FBF-6FAF-4FB9-8998-CDF32E2FA4D9.jpeg', 23, '2022-07-29 07:19:02', '2022-07-29 08:39:02', 1, 2, 67, 'Izin melaporkan tim yustisi reaksi cepat melakukan peneguran terhadap paman pentol yang mangkal di depan indomaret semanda', '29-07-2022-63725D92F0EB-F092-48DC-A9FC-44D088534B08.png');
INSERT INTO `keluhan` (`id`, `kecamatan_id`, `kelurahan_id`, `alamat`, `isi`, `foto_keluhan`, `user_id`, `created_at`, `updated_at`, `kategori_id`, `status`, `solver`, `keterangan`, `foto_selesai`) VALUES (8, 1, 3, 'simpang 4 belitung', 'tolong pang buhan pian hentikan buhan pengamen simpangan sini,mulai jm6 pagi smpai jam10 malam kdd beampihan,sampai begantian ny mngamen saking aman ny dari rajia pian.Mauk lagi bila pagi buhan ny tu rancak bekamih di higa toko kami (toko aki Virgo,toko Reparasi Kunci). Sudah bekali-kali kami tagur masih aja diulangi.\r\nTolong banar pang buhan pian tindak,bejagaan di simpangan sini.Klo perlu tempat jaga,ulun besedia pian bejagaan dari toko ulun.Jangan kalah lwn pengamen ny yg bejagaan seharian di seberang toko ulun,begantian begiliran ny.\r\nTolong banar pa ai tindakan buhan pian,sudah liwar uyuh kami mehadapi buhan pengamen nih.\r\nTerima kasih,mudahan di ridhoi Allah buhan pian bertugas.. aamiin', '02-08-2022-7938PicsArt_08-02-08.26.16.jpg', 50, '2022-08-02 00:27:57', '2022-08-02 02:02:39', 2, 2, 158, 'Simpang 4 belitung terpantau kondusif', '02-08-2022-9151IMG-20220802-WA0133.jpg');
INSERT INTO `keluhan` (`id`, `kecamatan_id`, `kelurahan_id`, `alamat`, `isi`, `foto_keluhan`, `user_id`, `created_at`, `updated_at`, `kategori_id`, `status`, `solver`, `keterangan`, `foto_selesai`) VALUES (10, 2, 16, 'jalan pahlawan gang 06 Oktober kelurahan seberang mesjid, Banjarmasin', 'Di tempat saya tinggal ada rencana pembangunan sebuah ruko yang di gadang-gadang bakal menjadi minimarket penyedia kebutuhan hidup sehari - hari, tempat tersebut berdekatan dengan tempat pemakaman umum yang mana di makam tersebut dataran nya rendah, sering terjadi banjir bila mana intensitas hujan sangat tinggi & air pasang sungai. Biasanya sebelum ada pembangunan ruko tersebut air dapat mengalir dengan lancar tanpa ada yang tersumbat, semenjak ruko tersebut dibangun maka air hujan dengan intensitas tinggi sangat berdampak besar terjadinya banjir karena saluran air nya tertutup oleh berdirinya ruko tersebut. Ditambah lagi di lingkungan tempat saya tinggal ada warung makan yang berdiri tapi tidak memiliki saluran pembuangan air kotor, jadi pihak warung tersebut membuang air kotor tersebut di saluran kecil yang ada di dalam gang tempat saya tinggal yang mengakibatkan bau tidak sedap bekas membersihkan sisa-sisa makanan tersebut. Belum lagi nanti pas turun hujan maka tercampurlah antara air hujan dengan air bekas membersihkan sisa-sisa makanan. Di depan halaman rumah saya kalau terjadi hujan deras maka terjadi banjir karena saluran air tertutup oleh pembangunan ruko tersebut & air hujan nya tercampur dengan air bekas membersihkan sisa-sisa makanan.', '02-08-2022-445WhatsApp Image 2022-08-02 at 14.45.49.jpeg', 68, '2022-08-02 06:53:27', '2022-08-02 07:00:05', 14, 1, NULL, NULL, NULL);
INSERT INTO `keluhan` (`id`, `kecamatan_id`, `kelurahan_id`, `alamat`, `isi`, `foto_keluhan`, `user_id`, `created_at`, `updated_at`, `kategori_id`, `status`, `solver`, `keterangan`, `foto_selesai`) VALUES (11, 2, 16, 'Jalan Pahlawan gang 06 Oktober Kelurahan Seberang Mesjid, Banjarmasin', 'Selamat siang, ijin menyampaikan bahwa di dekat ruamh saya ada sebuah warung makan yang bernama Warung Soto Sate Pahlawan yang sudah lama berdiri yang mana warung tersebut tidak memiliki lahan parkir baik itu Roda 2 maupun Roda 4 yang mengganggu aktivitas warga sekitar yang ada di dalam Gang kami. Belum lagi akses Gang kami tidak terlalu lebar yang mana sering banyaknya pengunjung warung tersebut parkir di dalam Gang yang mengakibatkan Mobil warga kami kesusahan untuk masuk ke dalam Gang tersebut, bukan hanya mobil pribadi yang susah masuk tetapi mobil Ambulance, Mobil BPK juga kadang susah untuk masuk ke dalam Gang tersebut karena banyaknya warga yang parkir sembarangan. Untuk perihal kebersihan saya ingin melaporkan bahwa warung tersebut tidak memiliki penampungan Limbah sisa makanan, yang mana limbah tersebut dibuang begitu saja di sekitar Gang rumah kami yang mengakibatkan bau yang tidak sedap. belum lagi pada waktu musim hujan di dalam Gang kami drainase nya tidak ada yang mengakibatkan Banjir air hujan tercampur dengan Air limbah sisa makanan, yang mana air tersebut sering masuk ke dalam halaman rumah saya yang mengakibatkan penyakit gatalan serta Bau yang tidak sedap. mohon untuk di tindak guna menjaga ketertiban & kebersihan lingkungan di sekitar rumah kami. terima kasih', '02-08-2022-1568WhatsApp Image 2022-08-02 at 14.45.48.jpeg', 68, '2022-08-02 07:15:21', '2022-08-02 09:09:27', 20, 2, 137, 'Anggota konfirmasi kepada pemilik warung sate pahlawan untuk membenahi pembuangan air', '02-08-2022-3138IMG-20220802-WA0048.jpg');
INSERT INTO `keluhan` (`id`, `kecamatan_id`, `kelurahan_id`, `alamat`, `isi`, `foto_keluhan`, `user_id`, `created_at`, `updated_at`, `kategori_id`, `status`, `solver`, `keterangan`, `foto_selesai`) VALUES (12, 5, 48, 'Jalan gerilya muara RT.01 RW.01', 'Kami Keberatan ada PKL disekitaran Jembatan Gerilya Kelayan B menutupi Kios dan Rumah. \r\nPedagang Kaki Lima (PKL) di sepanjang kawasan jembatan Gerilya di Jalan Kelayan B Banjarmasin membuat kami keberatan, pasalnya PKL tersebut menutupi rumah dan kios kami. Sehingga kios dan toko kami sepi akan pembeli, bahkan tidak ada yg menyewa kios dan toko kami lantaran tertutup oleh lapak PKL tersebut, kegiatan para PKL menutupi kios dan rumah kami mulai dari jam 07:00 sampai jam 22:00, sedangkan lapak PKL itu tidak mempunyai izin sama sekali ke pemerintah kota Banjarmasin.\r\nKetika kami meminta kepada para PKL untuk tidak berjualan didepan kios dan rumah kami, para PKL mengatakan mereka menyewa lahan tersebut kepada seorang preman disana, preman tersebut memungut sewa dengan memanfaatkan jalan dan bahu jalan untuk kepentingan mereka .\r\nYang tidak masuk akal, apabila ada yang merobohkan tempat jualannya, pihak preman meminta ganti rugi kekami.\r\nJangan dibiarkan premanisme merajalela dikota Banjarmasin.\r\nSebelumnya sudah ada teguran lisan dan surat peringatan dari kelurahan Tanjung pagar terkait hal keberadaan PKL ditempat tersebut agar segera membongkar lapak mereka dan tidak berjualan lagi, dan memang itu kawasan yang dilarang (zona merah) kenapa ada aktivitas PKL ditempat tersebut. namun dari pihak preman disana mengatakan bahwa teguran lisan dan surat itu palsu.\r\nMohon kepada pemerintah kota Banjarmasin, Satpol PP kota Banjarmasin, Polsek Banjarmasin Selatan, kecamatan Banjarmasin Selatan, kelurahan Tanjung pagar dan dinas terkait untuk menertibkan PKL yang ada disana, karena sebelumnya sudah ada peringatan. \r\nTerimakasih atas perhatian dan dukungannya.', '03-08-2022-6261IMG_20220416_202254.jpg', 73, '2022-08-03 06:16:54', '2022-08-03 08:06:39', 1, 2, 157, 'Negatif aktifitas PKL', '03-08-2022-4219IMG-20220803-WA0062.jpg');
INSERT INTO `keluhan` (`id`, `kecamatan_id`, `kelurahan_id`, `alamat`, `isi`, `foto_keluhan`, `user_id`, `created_at`, `updated_at`, `kategori_id`, `status`, `solver`, `keterangan`, `foto_selesai`) VALUES (13, 5, 47, 'Turunan jembatan pekauman, Jalan rantau darat', 'Mau melaporkan pak, ada pedagang nasi goreng gerobak yang selalu standby di jalan tempat turun jembatan pekauman jalan tantau darat, berjualan setiap hari jam 3 sore sampai jam 11 malam, dengan adanya penjual tersebut warga sekitar dan beberapa pemilik toko keberatan karena mengganggu arus jalan raya serta akses pengunjung toko. Sudah pernah ditegur tetapi tidak diperdulikan', '09-08-2022-6062A5842297-EFC1-4919-B9B6-F73ED738796B.jpeg', 84, '2022-08-09 00:20:48', '2022-08-09 09:19:39', 1, 2, 157, 'Negatif aktivitas,dikarenakan libur warung nasi goreng nya', '09-08-2022-4890IMG-20220809-WA0071.jpg');
INSERT INTO `keluhan` (`id`, `kecamatan_id`, `kelurahan_id`, `alamat`, `isi`, `foto_keluhan`, `user_id`, `created_at`, `updated_at`, `kategori_id`, `status`, `solver`, `keterangan`, `foto_selesai`) VALUES (14, 4, 32, 'Di kawasan halte bumi mas', 'Selamat pagi, saya mau melaporkan andanya pemulung dudukan ada menaruh barang barangnya berserakan dan terlihat kumuh, dimohon untuk ditindak lanjuti', '09-08-2022-845960D9C675-E67B-4C94-9743-A9C3B45101A7.jpeg', 84, '2022-08-09 01:18:25', '2022-08-09 02:05:55', 2, 2, 157, 'Menanggapi laporan masyarakat bahwa halte dijadikan tempat istirahat anjal dan gepeng,negatif aktifitas', '09-08-2022-5762IMG-20220809-WA0019.jpg');
INSERT INTO `keluhan` (`id`, `kecamatan_id`, `kelurahan_id`, `alamat`, `isi`, `foto_keluhan`, `user_id`, `created_at`, `updated_at`, `kategori_id`, `status`, `solver`, `keterangan`, `foto_selesai`) VALUES (15, 2, 10, 'Jln.setoyo s banjarmasin', 'Manusia silver meresahkan masyarakat yang berada di taluk dalam lampu merah TOWER PDAM', NULL, 86, '2022-08-09 04:38:03', '2022-08-09 08:51:43', 2, 2, 157, 'Anggota melakukan pengawasan dipersimpangan sutoyo s.', '09-08-2022-4039IMG-20220809-WA0066.jpg');
INSERT INTO `keluhan` (`id`, `kecamatan_id`, `kelurahan_id`, `alamat`, `isi`, `foto_keluhan`, `user_id`, `created_at`, `updated_at`, `kategori_id`, `status`, `solver`, `keterangan`, `foto_selesai`) VALUES (18, 3, 30, 'Jl. HKSN Komplek Dasamaya 2 RT.16 Blok N Kel. Alalak Selatan Kec. Banjarmasin Utara Kota Banjarmasin.', 'Mohon info, apakah bangunan rumah baru di Blok N (dekat posko BPK Gempita) Kel. Alalak Selatan. Alamat: Jl. HKSN Komplek Dasamaya 2 RT.16 Blok N Kel. Alalak Selatan Kec. Banjarmasin Utara Kota Banjarmasin. Apakah sudah ada ijinnya ?. Tkb.', NULL, 88, '2022-08-12 03:08:05', '2022-08-15 08:54:56', 11, 2, 157, NULL, '15-08-2022-608IMG-20220815-WA0123.jpg');
INSERT INTO `keluhan` (`id`, `kecamatan_id`, `kelurahan_id`, `alamat`, `isi`, `foto_keluhan`, `user_id`, `created_at`, `updated_at`, `kategori_id`, `status`, `solver`, `keterangan`, `foto_selesai`) VALUES (19, 4, 36, 'Jalan Veteran Rt. 14. Kel. Pengambangan Kec. Banjarmasin Timur, tepatnya di depan halaman 88 home store atau indomaret atau depan rocket chicken dibawah papan reklame bank bjb dan reklame indomaret', 'Kami para penyewa toko dan pemilik reklame keberatan dengan adanya seorang jual pentol yang mangkal dari jam 10 pagi sampai jam 9 malam, karena menggangu akses di halaman masuk toko toko kami, agar pihak berwenang dapat menindak dan kami sudah memenuhi kewajiban untuk retribusi reklame tersebut namun paman pentol seenaknya berjualan dibawah reklame dan halaman toko kami', '18-08-2022-89631.jpeg', 90, '2022-08-18 01:48:01', '2022-08-18 03:21:50', 1, 2, 157, 'Menindak lanjuti laporan bahwa ada orang berjualan didepan toko indomaret', '18-08-2022-3508IMG-20220818-WA0008.jpg');
INSERT INTO `keluhan` (`id`, `kecamatan_id`, `kelurahan_id`, `alamat`, `isi`, `foto_keluhan`, `user_id`, `created_at`, `updated_at`, `kategori_id`, `status`, `solver`, `keterangan`, `foto_selesai`) VALUES (20, 3, 30, 'Komplek kebun jeruk permai RT.16', 'Assalamualaikum\r\nBapak mohon ditindak lanjuti di wilayah kerja uln Puskesmas Alalak Selatan ada ODGJ berkeliaran tanpa busana\r\nMohon bantuannya utk di amankan karena cukup meresahkan warga sekitar \r\nterimakasih atas bantuannya.', '18-08-2022-8451C85B2F93-E165-445E-9E41-B49E5673CBAC.jpeg', 91, '2022-08-18 06:45:03', '2022-08-24 00:05:57', 18, 2, 157, 'ODGJ telah dibawa ke rumah singgah', '24-08-2022-8316C76C987D-8CB3-40F7-A8AB-8A99DCC92B38.jpeg');
INSERT INTO `keluhan` (`id`, `kecamatan_id`, `kelurahan_id`, `alamat`, `isi`, `foto_keluhan`, `user_id`, `created_at`, `updated_at`, `kategori_id`, `status`, `solver`, `keterangan`, `foto_selesai`) VALUES (21, 3, 23, 'jalan cemara raya no 13', 'sampah berserakan disepanjang jalan sampai mengganggu tempat usaha saya,kondisinya parah sekali padahal jarak toko dan tps terhalang jembatan,tolong dinas terkait segera proses ketertiban kebersihan di daerah tps cemara raya karena itu usaha saya', '31-08-2022-9983IMG-20220831-WA0004.jpg', 92, '2022-08-31 14:30:18', '2022-09-06 05:20:16', 12, 2, 67, 'Izin melaporkan bahwa sampah didepan toko telah steril dari sampah dan bersih.', '06-09-2022-4875540BD85-9E9C-434F-B9EF-D12EDF94867E.jpeg');
INSERT INTO `keluhan` (`id`, `kecamatan_id`, `kelurahan_id`, `alamat`, `isi`, `foto_keluhan`, `user_id`, `created_at`, `updated_at`, `kategori_id`, `status`, `solver`, `keterangan`, `foto_selesai`) VALUES (23, 1, 9, 'jl. teluk tiram (depan smpn 4 banjarmasin)', 'Bangunan liar yang dijadikan tempat minum-minuman keras, mabuk-mabukan, memalak. sehingga mengganggu dan meresahkan lingkungan.tolong dibongkar bangunan liar tersebutlokasi jl. teluk tiram (depan smpn 4 banjarmasin)', '08-09-2022-6482WhatsApp Image 2022-09-08 at 08.46.19.jpeg', 94, '2022-09-08 01:49:01', '2022-09-08 06:03:07', 11, 2, 157, 'Mohon izin, anggota telah menindak lanjuti laporan tetapi tidak dapat membongkar dikarenakan pemilik bangunan tidak ada di tempat dan warga yang mabuk-mabukan bukan orang setempat', '08-09-2022-360WhatsApp Image 2022-09-08 at 11.04.35.jpeg');
INSERT INTO `keluhan` (`id`, `kecamatan_id`, `kelurahan_id`, `alamat`, `isi`, `foto_keluhan`, `user_id`, `created_at`, `updated_at`, `kategori_id`, `status`, `solver`, `keterangan`, `foto_selesai`) VALUES (28, 4, 39, 'Jl. Pramuka Komplek Green Pramuka', 'Ada aktivitas musik hiburan yang menimbulkan kegaduhan di dalam kompmek green pramuka sampai hampir jam 22.00 wita masih ribut. Kami warga merasa terganggu. Tolong di TL sekarang', NULL, 96, '2022-09-11 13:35:18', '2022-09-11 22:41:47', 20, 2, 157, NULL, '11-09-2022-22390DB5EA68-0F99-4C8E-B207-C529A9FA806C.jpeg');
INSERT INTO `keluhan` (`id`, `kecamatan_id`, `kelurahan_id`, `alamat`, `isi`, `foto_keluhan`, `user_id`, `created_at`, `updated_at`, `kategori_id`, `status`, `solver`, `keterangan`, `foto_selesai`) VALUES (30, 3, 28, 'Jln. Alalak Utara Rt.3 Rw.1', '1 hari yg lalu ODGJ nya membanting anak kecil sampai tesilahu pas lagi gang sepi. \r\nMohon bantuan nya pak/bu. \r\nnama ODGJ nya Radiansyah (Krna sering ngelemfox jadi gila)\r\nsekali lagi tolong rahasiakan identitas ulun. \r\ndan tolong kami karna sangat meresahkan banar sudah, kasian anak kecil.', NULL, 98, '2022-09-22 13:25:10', '2022-09-22 23:02:12', 18, 1, NULL, NULL, NULL);
INSERT INTO `keluhan` (`id`, `kecamatan_id`, `kelurahan_id`, `alamat`, `isi`, `foto_keluhan`, `user_id`, `created_at`, `updated_at`, `kategori_id`, `status`, `solver`, `keterangan`, `foto_selesai`) VALUES (32, 2, 13, 'Pasar Sudimampir', 'Pak mohon ditindak lanjuti PKL dipasar ini, sangat mengganggu pedagang dan pembeli toko. \r\nPKL nya sesuka mungkin menaruh dangan didepan toko , kasian pembeli susah liat barang. kadang kalo padat malah pemilik toko/ pembeli yang dimaharin nya. \r\n\r\nberi arahan untuk jualan keliling pak, biar jalanan gak macet , coba pian lihat aja foto nya  sprti punya toko sendiri PKL nya.\r\nsatpam pasar nya juga tolong beri arahan , ajarin cara menegur pkl sm pengamen dpsr.', '12-10-2022-1681B1E603C2-CC39-4C42-8DB3-4D2BF2F6F41F.jpeg', 102, '2022-10-12 18:11:08', '2022-10-16 23:57:42', 1, 1, NULL, NULL, NULL);
INSERT INTO `keluhan` (`id`, `kecamatan_id`, `kelurahan_id`, `alamat`, `isi`, `foto_keluhan`, `user_id`, `created_at`, `updated_at`, `kategori_id`, `status`, `solver`, `keterangan`, `foto_selesai`) VALUES (36, 4, 34, 'Jln veteran no 17a', 'Pedagang sate menutupi toko kita ..mohon di tindak lanjuti...mereka pintar saat jam 3 siang baru berjualan..sementra bapak2 satpol pp sdh pulang', '13-11-2022-405220221113_175332.jpg', 110, '2022-11-13 10:11:12', '2022-11-13 13:37:31', 1, 1, NULL, NULL, NULL);
INSERT INTO `keluhan` (`id`, `kecamatan_id`, `kelurahan_id`, `alamat`, `isi`, `foto_keluhan`, `user_id`, `created_at`, `updated_at`, `kategori_id`, `status`, `solver`, `keterangan`, `foto_selesai`) VALUES (37, 3, 23, 'Alfamart Arrahim, Jl. Sultan Adan No. 16 dan Alfamart Sultan Adam dekat Pom Bensin lampu merah sundai', 'Ada anak anak yang meminta secara paksa dan sering mengganggu, tempat di sekitaran Sultan Adam dan adhyaksa, sering singgah di alfamart dan indomaret sering pindah tempat\r\n1. Meminta uang secara paksa \r\n2. Mengganggu orang bisa seperti minjam HP Dll\r\n3. Sering minta diantarkan secara paksa', '13-11-2022-599544F4289D-E4C1-4F32-8E95-A55AC20C346D.jpeg', 111, '2022-11-13 13:36:11', '2022-11-13 13:37:38', 2, 1, NULL, NULL, NULL);
INSERT INTO `keluhan` (`id`, `kecamatan_id`, `kelurahan_id`, `alamat`, `isi`, `foto_keluhan`, `user_id`, `created_at`, `updated_at`, `kategori_id`, `status`, `solver`, `keterangan`, `foto_selesai`) VALUES (38, 2, 10, 'Jln.setoyo simpang 5', 'Pengamen dari jam 6 pagi\r\nSangat meresahkan', NULL, 113, '2022-11-26 23:43:25', '2022-11-28 05:16:24', 2, 1, NULL, NULL, NULL);
INSERT INTO `keluhan` (`id`, `kecamatan_id`, `kelurahan_id`, `alamat`, `isi`, `foto_keluhan`, `user_id`, `created_at`, `updated_at`, `kategori_id`, `status`, `solver`, `keterangan`, `foto_selesai`) VALUES (40, 1, 6, 'jalan purnasakti jalur 7 rumah paling ujung', 'mengamuk brutal memukuli orang dalam rumah', NULL, 119, '2023-01-17 13:45:14', '2023-02-10 01:11:21', 18, 1, NULL, NULL, NULL);
INSERT INTO `keluhan` (`id`, `kecamatan_id`, `kelurahan_id`, `alamat`, `isi`, `foto_keluhan`, `user_id`, `created_at`, `updated_at`, `kategori_id`, `status`, `solver`, `keterangan`, `foto_selesai`) VALUES (47, 3, 28, 'Jl. Amd Komp. Sudi Rapi Perum. Waringin Permai Blok D No.21 Kel. Alalak Utara Kec. Banjarmasin Utara', 'Berdasarkan Instruksi Forkopimda Kota Banjarmasin tentang Kegiatan Masyarakat pada Bulan Ramadhan dan Hari Raya Idul Fitri 1444 H/ 2023 di Kota Banjarmasin. Diktum Kedelapan: Dilarang memperjualbelikan dan/atau membunyikan/ meledakkan petasan.\r\nLAPOR. ada warga yang menjual dan membuyikan petasan beralamat Jl. Amd Komp. Sudi Rapi Perum. Waringin Permai Blok D No.21 Kel. Alalak Utara Kec. Banjarmasin Utara, hal tersebut menggangu ketertiban lingkungan disekitar rumah apalagi pada saat bulan Ramadhan. \r\nTerimakasih', '06-04-2023-7419D21.2.jpg', 132, '2023-04-06 00:54:39', '2023-04-06 00:54:39', 20, 0, NULL, NULL, NULL);
INSERT INTO `keluhan` (`id`, `kecamatan_id`, `kelurahan_id`, `alamat`, `isi`, `foto_keluhan`, `user_id`, `created_at`, `updated_at`, `kategori_id`, `status`, `solver`, `keterangan`, `foto_selesai`) VALUES (51, 1, 2, 'Gang mufakat rt 16 rw 02 ,posisinya di warung', 'Sering anak anak slta sederajat membolos ke warung tersebut, di jam pagi dan di jam sore, sering ngeroko dan berpacaran di tempat warung tersebut, sangat meresahkan warga sekitar, mohon bantuannya dari satpoll, terimakasih', NULL, 136, '2023-05-10 12:26:03', '2023-05-10 12:26:03', 20, 0, NULL, NULL, NULL);
INSERT INTO `keluhan` (`id`, `kecamatan_id`, `kelurahan_id`, `alamat`, `isi`, `foto_keluhan`, `user_id`, `created_at`, `updated_at`, `kategori_id`, `status`, `solver`, `keterangan`, `foto_selesai`) VALUES (52, 1, 2, 'Jl. Belitung darat gg. Mufakat rt16 rw02', 'Sering anak anak slta sederajat membolos ke warung tersebut, di jam pagi dan di jam sore, sering ngeroko dan berpacaran di tempat warung tersebut, sangat meresahkan warga sekitar, tolong secepatnya di tangani dari pihak satpolpp', NULL, 136, '2023-05-11 08:11:45', '2023-05-11 08:11:45', 20, 0, NULL, NULL, NULL);
INSERT INTO `keluhan` (`id`, `kecamatan_id`, `kelurahan_id`, `alamat`, `isi`, `foto_keluhan`, `user_id`, `created_at`, `updated_at`, `kategori_id`, `status`, `solver`, `keterangan`, `foto_selesai`) VALUES (53, 5, 45, 'Jalan K.S Tubun', 'sampah yang berserakan padahal bukan tps', '09-06-2023-5361WhatsApp Image 2023-05-10 at 21.14.20.jpeg', 138, '2023-06-09 03:47:53', '2023-06-09 03:50:38', 20, 2, 202, 'Pelanggar yang membuang sampah telah ditindak lanjuti', '09-06-2023-5007WhatsApp Image 2023-05-10 at 21.14.21.jpeg');
INSERT INTO `keluhan` (`id`, `kecamatan_id`, `kelurahan_id`, `alamat`, `isi`, `foto_keluhan`, `user_id`, `created_at`, `updated_at`, `kategori_id`, `status`, `solver`, `keterangan`, `foto_selesai`) VALUES (59, 4, 32, 'JL. REMBANG KM. 4 BLORA, Karangjati, Kec. Kota Blora, Kab. Blora Prov. Jawa Tengah', 'sahana', '10-10-2023-2802pasangan.jpg', 145, '2023-10-10 12:25:54', '2023-10-10 12:25:54', 2, 0, NULL, NULL, NULL);
INSERT INTO `keluhan` (`id`, `kecamatan_id`, `kelurahan_id`, `alamat`, `isi`, `foto_keluhan`, `user_id`, `created_at`, `updated_at`, `kategori_id`, `status`, `solver`, `keterangan`, `foto_selesai`) VALUES (60, 4, 32, 'JL. REMBANG KM. 4 BLORA, Karangjati, Kec. Kota Blora, Kab. Blora Prov. Jawa Tengah', 'sahana', '10-10-2023-7673pasangan.jpg', 145, '2023-10-10 12:26:02', '2023-10-10 12:26:02', 2, 0, NULL, NULL, NULL);
INSERT INTO `keluhan` (`id`, `kecamatan_id`, `kelurahan_id`, `alamat`, `isi`, `foto_keluhan`, `user_id`, `created_at`, `updated_at`, `kategori_id`, `status`, `solver`, `keterangan`, `foto_selesai`) VALUES (61, 5, 41, 'Y', 'Y', '12-10-2023-8705IMG_5791.jpeg', 146, '2023-10-12 06:32:45', '2023-10-12 06:32:45', 4, 0, NULL, NULL, NULL);
INSERT INTO `keluhan` (`id`, `kecamatan_id`, `kelurahan_id`, `alamat`, `isi`, `foto_keluhan`, `user_id`, `created_at`, `updated_at`, `kategori_id`, `status`, `solver`, `keterangan`, `foto_selesai`) VALUES (62, 5, 40, 'a', 'a', NULL, 148, '2023-11-07 04:04:03', '2023-11-07 04:04:03', 1, 0, NULL, NULL, NULL);
COMMIT;

-- ----------------------------
-- Table structure for keluhanwa
-- ----------------------------
DROP TABLE IF EXISTS `keluhanwa`;
CREATE TABLE `keluhanwa` (
  `id` int(10) unsigned NOT NULL AUTO_INCREMENT,
  `tanggal` date DEFAULT NULL,
  `isi` longtext,
  `status` char(1) DEFAULT '0',
  `created_at` timestamp NULL DEFAULT NULL,
  `updated_at` timestamp NULL DEFAULT NULL,
  PRIMARY KEY (`id`) USING BTREE
) ENGINE=InnoDB AUTO_INCREMENT=19 DEFAULT CHARSET=utf8;

-- ----------------------------
-- Records of keluhanwa
-- ----------------------------
BEGIN;
INSERT INTO `keluhanwa` (`id`, `tanggal`, `isi`, `status`, `created_at`, `updated_at`) VALUES (5, '2023-11-29', '{\"name\":\"Kiki\",\"district\":{\"id\":\"6371020\",\"regency_id\":\"6371\",\"name\":\"BANJARMASIN TIMUR\"},\"villages\":null,\"village\":{\"id\":\"6371020004\",\"district_id\":\"6371020\",\"name\":\"SUNGAI LULUT\"},\"category\":{\"id\":3,\"nama\":\"ODGJ\"},\"location\":{\"degreesLatitude\":-3.327735900878918,\"degreesLongitude\":114.58858489990234},\"complaint\":\"Yup test aja si\"}', '0', '2023-11-29 09:32:10', '2023-11-29 09:32:10');
INSERT INTO `keluhanwa` (`id`, `tanggal`, `isi`, `status`, `created_at`, `updated_at`) VALUES (6, '2023-11-29', '{\"name\":\"Kiki\",\"district\":{\"id\":\"6371010\",\"regency_id\":\"6371\",\"name\":\"BANJARMASIN SELATAN\"},\"villages\":null,\"village\":{\"id\":\"6371010003\",\"district_id\":\"6371010\",\"name\":\"KELAYAN SELATAN\"},\"category\":{\"id\":4,\"nama\":\"Tindakan Asusila\"},\"location\":{\"degreesLatitude\":-3.327735900878918,\"degreesLongitude\":114.58858489990234},\"complaint\":\"Test aja si\",\"imagePath\":\".\\/storage\\/1701250622898-62895340496747.jpeg\"}', '0', '2023-11-29 09:37:03', '2023-11-29 09:37:03');
INSERT INTO `keluhanwa` (`id`, `tanggal`, `isi`, `status`, `created_at`, `updated_at`) VALUES (8, '2023-11-29', '{\"name\":\"Suanang\",\"district\":{\"id\":\"6371020\",\"regency_id\":\"6371\",\"name\":\"BANJARMASIN TIMUR\"},\"village\":{\"id\":\"6371020004\",\"district_id\":\"6371020\",\"name\":\"SUNGAI LULUT\"},\"category\":{\"id\":4,\"nama\":\"Tindakan Asusila\"},\"location\":{\"degreesLatitude\":-3.3283143043518155,\"degreesLongitude\":114.58869171142578},\"complaint\":\"Testing aja si\",\"imagePath\":\".\\/storage\\/1701253249276-62895340496747.jpeg\",\"media\":\"https:\\/\\/bot.sipadu.banjarmasinkota.go.id\\/storage\\/1701253249276-62895340496747.jpeg\"}', '0', '2023-11-29 10:20:49', '2023-11-29 10:20:49');
INSERT INTO `keluhanwa` (`id`, `tanggal`, `isi`, `status`, `created_at`, `updated_at`) VALUES (9, '2023-11-29', '{\"name\":\"Kiki\",\"district\":{\"id\":\"6371020\",\"regency_id\":\"6371\",\"name\":\"BANJARMASIN TIMUR\"},\"village\":{\"id\":\"6371020003\",\"district_id\":\"6371020\",\"name\":\"KEBUN BUNGA\"},\"category\":{\"id\":6,\"nama\":\"Pengendalian Masa (Demo)\"},\"location\":{\"degreesLatitude\":-3.3283143043518155,\"degreesLongitude\":114.58869171142578},\"complaint\":\"Abcd efg hij\"}', '0', '2023-11-29 10:32:21', '2023-11-29 10:32:21');
INSERT INTO `keluhanwa` (`id`, `tanggal`, `isi`, `status`, `created_at`, `updated_at`) VALUES (11, '2023-11-29', '{\"name\":\"Surya\",\"district\":{\"id\":\"6371010\",\"regency_id\":\"6371\",\"name\":\"BANJARMASIN SELATAN\"},\"village\":{\"id\":\"6371010005\",\"district_id\":\"6371010\",\"name\":\"TANJUNG PAGAR\"},\"category\":{\"id\":2,\"nama\":\"Kawasan Tanpa Rokok\"},\"location\":{\"degreesLatitude\":-3.3283143043518155,\"degreesLongitude\":114.58869171142578},\"complaint\":\"Ya ini keluhan\",\"imagePath\":\".\\/storage\\/1701254584739-62895340496747.jpeg\",\"media\":\"https:\\/\\/bot.sipadu.banjarmasinkota.go.id\\/storage\\/1701254584739-62895340496747.jpeg\"}', '0', '2023-11-29 10:43:05', '2023-11-29 10:43:05');
INSERT INTO `keluhanwa` (`id`, `tanggal`, `isi`, `status`, `created_at`, `updated_at`) VALUES (12, '2023-11-29', '{\"name\":\"Asrani\",\"district\":{\"id\":\"6371010\",\"regency_id\":\"6371\",\"name\":\"BANJARMASIN SELATAN\"},\"village\":{\"id\":\"6371010001\",\"district_id\":\"6371010\",\"name\":\"MANTUIL\"},\"category\":{\"id\":1,\"nama\":\"Ketertiban & Kebersihan Lingkungan\"},\"location\":{\"degreesLatitude\":-3.327788,\"degreesLongitude\":114.5886772},\"complaint\":\"Gas\",\"imagePath\":\".\\/storage\\/1701254654000-6287715996555.jpeg\",\"media\":\"https:\\/\\/bot.sipadu.banjarmasinkota.go.id\\/storage\\/1701254654000-6287715996555.jpeg\"}', '0', '2023-11-29 10:44:14', '2023-11-29 10:44:14');
INSERT INTO `keluhanwa` (`id`, `tanggal`, `isi`, `status`, `created_at`, `updated_at`) VALUES (13, '2023-11-29', '{\"nik\":\"Kiki\",\"district\":{\"id\":\"6371020\",\"regency_id\":\"6371\",\"name\":\"BANJARMASIN TIMUR\"},\"villages\":null,\"village\":{\"id\":\"6371020004\",\"district_id\":\"6371020\",\"name\":\"SUNGAI LULUT\"},\"category\":{\"id\":7,\"nama\":\"Sungai & Drainase\"},\"location\":{\"degreesLatitude\":-3.327735900878918,\"degreesLongitude\":114.58858489990234},\"complaint\":\"Yup ini keluhan\"}', '0', '2023-11-29 11:40:01', '2023-11-29 11:40:01');
INSERT INTO `keluhanwa` (`id`, `tanggal`, `isi`, `status`, `created_at`, `updated_at`) VALUES (14, '2023-11-29', '{\"name\":\"bambang\",\"district\":{\"id\":\"6371010\",\"regency_id\":\"6371\",\"name\":\"BANJARMASIN SELATAN\"},\"village\":{\"id\":\"6371010003\",\"district_id\":\"6371010\",\"name\":\"KELAYAN SELATAN\"},\"category\":{\"id\":3,\"nama\":\"ODGJ\"},\"complaint\":\"asd\"}', '0', '2023-11-29 12:46:47', '2023-11-29 12:46:47');
INSERT INTO `keluhanwa` (`id`, `tanggal`, `isi`, `status`, `created_at`, `updated_at`) VALUES (15, '2023-11-30', '{\"name\":\"Adi\",\"district\":{\"id\":\"6371010\",\"regency_id\":\"6371\",\"name\":\"BANJARMASIN SELATAN\"},\"village\":{\"id\":\"6371010001\",\"district_id\":\"6371010\",\"name\":\"MANTUIL\"},\"category\":{\"id\":1,\"nama\":\"Ketertiban & Kebersihan Lingkungan\"},\"location\":{\"degreesLatitude\":-3.3277913,\"degreesLongitude\":114.5886881},\"complaint\":\"Sakit gigi\",\"imagePath\":\".\\/storage\\/1701318520689-6287715996555.jpeg\",\"media\":\"https:\\/\\/bot.sipadu.banjarmasinkota.go.id\\/storage\\/1701318520689-6287715996555.jpeg\"}', '0', '2023-11-30 04:28:41', '2023-11-30 04:28:41');
INSERT INTO `keluhanwa` (`id`, `tanggal`, `isi`, `status`, `created_at`, `updated_at`) VALUES (16, '2023-11-30', '{\"name\":\"Wawan\",\"district\":{\"id\":\"6371030\",\"regency_id\":\"6371\",\"name\":\"BANJARMASIN BARAT\"},\"village\":{\"id\":\"6371030002\",\"district_id\":\"6371030\",\"name\":\"TELAWANG\"},\"category\":{\"id\":5,\"nama\":\"Anak Jalanan & Anak Punk\"},\"complaint\":\"Ya ngeluh aja si\",\"location\":{\"degreesLatitude\":-3.3283143043518155,\"degreesLongitude\":114.58869171142578},\"imagePath\":\".\\/storage\\/1701318674309-62895340496747.jpeg\",\"media\":\"https:\\/\\/bot.sipadu.banjarmasinkota.go.id\\/storage\\/1701318674309-62895340496747.jpeg\"}', '0', '2023-11-30 04:31:14', '2023-11-30 04:31:14');
INSERT INTO `keluhanwa` (`id`, `tanggal`, `isi`, `status`, `created_at`, `updated_at`) VALUES (17, '2023-11-30', '{\"name\":\"Bhakti\",\"district\":{\"id\":\"6371010\",\"regency_id\":\"6371\",\"name\":\"BANJARMASIN SELATAN\"},\"village\":{\"id\":\"6371010001\",\"district_id\":\"6371010\",\"name\":\"MANTUIL\"},\"category\":{\"id\":1,\"nama\":\"Ketertiban & Kebersihan Lingkungan\"},\"location\":{\"degreesLatitude\":-3.327997922897339,\"degreesLongitude\":114.58875274658203},\"complaint\":\"Tes\"}', '0', '2023-11-30 05:09:26', '2023-11-30 05:09:26');
INSERT INTO `keluhanwa` (`id`, `tanggal`, `isi`, `status`, `created_at`, `updated_at`) VALUES (18, '2023-11-30', '{\"name\":\"As\",\"district\":{\"id\":\"6371031\",\"regency_id\":\"6371\",\"name\":\"BANJARMASIN TENGAH\"},\"village\":{\"id\":\"6371031003\",\"district_id\":\"6371031\",\"name\":\"MAWAR\"},\"category\":{\"id\":4,\"nama\":\"Tindakan Asusila\"},\"location\":{\"degreesLatitude\":-3.3277973,\"degreesLongitude\":114.5886744},\"complaint\":\"Hahahaha\",\"imagePath\":\".\\/storage\\/1701334173997-6287715996555.jpeg\",\"media\":\"https:\\/\\/bot.sipadu.banjarmasinkota.go.id\\/storage\\/1701334173997-6287715996555.jpeg\"}', '0', '2023-11-30 08:49:34', '2023-11-30 08:49:34');
COMMIT;

-- ----------------------------
-- Table structure for kelurahan
-- ----------------------------
DROP TABLE IF EXISTS `kelurahan`;
CREATE TABLE `kelurahan` (
  `id` int(11) unsigned NOT NULL AUTO_INCREMENT,
  `kecamatan_id` int(11) unsigned DEFAULT NULL,
  `nama` varchar(255) DEFAULT NULL,
  PRIMARY KEY (`id`) USING BTREE
) ENGINE=InnoDB AUTO_INCREMENT=52 DEFAULT CHARSET=latin1 ROW_FORMAT=DYNAMIC;

-- ----------------------------
-- Records of kelurahan
-- ----------------------------
BEGIN;
INSERT INTO `kelurahan` (`id`, `kecamatan_id`, `nama`) VALUES (1, 1, 'Basirih');
INSERT INTO `kelurahan` (`id`, `kecamatan_id`, `nama`) VALUES (2, 1, 'Belitung Selatan');
INSERT INTO `kelurahan` (`id`, `kecamatan_id`, `nama`) VALUES (3, 1, 'Belitung Utara');
INSERT INTO `kelurahan` (`id`, `kecamatan_id`, `nama`) VALUES (4, 1, 'Kuin Cerucuk');
INSERT INTO `kelurahan` (`id`, `kecamatan_id`, `nama`) VALUES (5, 1, 'Kuin Selatan');
INSERT INTO `kelurahan` (`id`, `kecamatan_id`, `nama`) VALUES (6, 1, 'Basirih');
INSERT INTO `kelurahan` (`id`, `kecamatan_id`, `nama`) VALUES (7, 1, 'Telaga Biru');
INSERT INTO `kelurahan` (`id`, `kecamatan_id`, `nama`) VALUES (8, 1, 'Telawang');
INSERT INTO `kelurahan` (`id`, `kecamatan_id`, `nama`) VALUES (9, 1, 'Teluk Tiram');
INSERT INTO `kelurahan` (`id`, `kecamatan_id`, `nama`) VALUES (10, 2, 'Teluk Dalam');
INSERT INTO `kelurahan` (`id`, `kecamatan_id`, `nama`) VALUES (11, 2, 'Antasan Besar');
INSERT INTO `kelurahan` (`id`, `kecamatan_id`, `nama`) VALUES (12, 2, 'Pasar Lama');
INSERT INTO `kelurahan` (`id`, `kecamatan_id`, `nama`) VALUES (13, 2, 'Kertak Baru Ulu');
INSERT INTO `kelurahan` (`id`, `kecamatan_id`, `nama`) VALUES (14, 2, 'Kertak Baru Ilir');
INSERT INTO `kelurahan` (`id`, `kecamatan_id`, `nama`) VALUES (15, 2, 'Gadang');
INSERT INTO `kelurahan` (`id`, `kecamatan_id`, `nama`) VALUES (16, 2, 'Seberang Mesjid');
INSERT INTO `kelurahan` (`id`, `kecamatan_id`, `nama`) VALUES (17, 2, 'Melayu');
INSERT INTO `kelurahan` (`id`, `kecamatan_id`, `nama`) VALUES (18, 2, 'Sungai Baru');
INSERT INTO `kelurahan` (`id`, `kecamatan_id`, `nama`) VALUES (19, 2, 'Pekapuran Laut');
INSERT INTO `kelurahan` (`id`, `kecamatan_id`, `nama`) VALUES (20, 2, 'Kelayan Luar');
INSERT INTO `kelurahan` (`id`, `kecamatan_id`, `nama`) VALUES (21, 3, 'Antasan Kecil Timur');
INSERT INTO `kelurahan` (`id`, `kecamatan_id`, `nama`) VALUES (22, 3, 'Surgi Mufti');
INSERT INTO `kelurahan` (`id`, `kecamatan_id`, `nama`) VALUES (23, 3, 'Sungai Miai');
INSERT INTO `kelurahan` (`id`, `kecamatan_id`, `nama`) VALUES (24, 3, 'Sungai Jingah');
INSERT INTO `kelurahan` (`id`, `kecamatan_id`, `nama`) VALUES (25, 3, 'Sungai Andai');
INSERT INTO `kelurahan` (`id`, `kecamatan_id`, `nama`) VALUES (26, 3, 'Kuin Utara');
INSERT INTO `kelurahan` (`id`, `kecamatan_id`, `nama`) VALUES (27, 3, 'Pangeran');
INSERT INTO `kelurahan` (`id`, `kecamatan_id`, `nama`) VALUES (28, 3, 'Alalak Utara');
INSERT INTO `kelurahan` (`id`, `kecamatan_id`, `nama`) VALUES (29, 3, 'Alalak Tengah');
INSERT INTO `kelurahan` (`id`, `kecamatan_id`, `nama`) VALUES (30, 3, 'Alalak Selatan');
INSERT INTO `kelurahan` (`id`, `kecamatan_id`, `nama`) VALUES (31, 4, 'Kuripan');
INSERT INTO `kelurahan` (`id`, `kecamatan_id`, `nama`) VALUES (32, 4, 'Kebun Bunga');
INSERT INTO `kelurahan` (`id`, `kecamatan_id`, `nama`) VALUES (33, 4, 'Pekapuran Raya');
INSERT INTO `kelurahan` (`id`, `kecamatan_id`, `nama`) VALUES (34, 4, 'Sungai Bilu');
INSERT INTO `kelurahan` (`id`, `kecamatan_id`, `nama`) VALUES (35, 4, 'Pemurus Luar');
INSERT INTO `kelurahan` (`id`, `kecamatan_id`, `nama`) VALUES (36, 4, 'Pengambangan');
INSERT INTO `kelurahan` (`id`, `kecamatan_id`, `nama`) VALUES (37, 4, 'Benua Anyar');
INSERT INTO `kelurahan` (`id`, `kecamatan_id`, `nama`) VALUES (38, 4, 'Karang Mekar');
INSERT INTO `kelurahan` (`id`, `kecamatan_id`, `nama`) VALUES (39, 4, 'Sungai Lulut');
INSERT INTO `kelurahan` (`id`, `kecamatan_id`, `nama`) VALUES (40, 5, 'Pemurus Dalam');
INSERT INTO `kelurahan` (`id`, `kecamatan_id`, `nama`) VALUES (41, 5, 'Pemurus Baru');
INSERT INTO `kelurahan` (`id`, `kecamatan_id`, `nama`) VALUES (42, 5, 'Murung Raya');
INSERT INTO `kelurahan` (`id`, `kecamatan_id`, `nama`) VALUES (43, 5, 'Kelayan Dalam');
INSERT INTO `kelurahan` (`id`, `kecamatan_id`, `nama`) VALUES (44, 5, 'Kelayan Timur');
INSERT INTO `kelurahan` (`id`, `kecamatan_id`, `nama`) VALUES (45, 5, 'Kelayan Barat');
INSERT INTO `kelurahan` (`id`, `kecamatan_id`, `nama`) VALUES (46, 5, 'Kelayan Tengah');
INSERT INTO `kelurahan` (`id`, `kecamatan_id`, `nama`) VALUES (47, 5, 'Kelayan Selatan');
INSERT INTO `kelurahan` (`id`, `kecamatan_id`, `nama`) VALUES (48, 5, 'Tanjung Pagar');
INSERT INTO `kelurahan` (`id`, `kecamatan_id`, `nama`) VALUES (49, 5, 'Pekauman');
INSERT INTO `kelurahan` (`id`, `kecamatan_id`, `nama`) VALUES (50, 5, 'Mantuil');
INSERT INTO `kelurahan` (`id`, `kecamatan_id`, `nama`) VALUES (51, 5, 'Basirih Selatan');
COMMIT;

-- ----------------------------
-- Table structure for link
-- ----------------------------
DROP TABLE IF EXISTS `link`;
CREATE TABLE `link` (
  `id` int(11) unsigned NOT NULL AUTO_INCREMENT,
  `nama` varchar(255) DEFAULT NULL,
  `link` varchar(255) DEFAULT NULL,
  `created_at` timestamp NULL DEFAULT NULL,
  `updated_at` timestamp NULL DEFAULT NULL,
  PRIMARY KEY (`id`) USING BTREE
) ENGINE=InnoDB AUTO_INCREMENT=8 DEFAULT CHARSET=latin1 ROW_FORMAT=DYNAMIC;

-- ----------------------------
-- Records of link
-- ----------------------------
BEGIN;
INSERT INTO `link` (`id`, `nama`, `link`, `created_at`, `updated_at`) VALUES (1, 'website', 'http://satpolpp.banjarmasinkota.go.id/', NULL, '2022-07-18 13:40:09');
INSERT INTO `link` (`id`, `nama`, `link`, `created_at`, `updated_at`) VALUES (2, 'jdih', 'https://jdih.banjarmasinkota.go.id/', NULL, '2022-07-18 13:54:06');
INSERT INTO `link` (`id`, `nama`, `link`, `created_at`, `updated_at`) VALUES (3, 'ppid', 'https://ppid.banjarmasinkota.go.id', NULL, '2022-07-18 13:54:14');
INSERT INTO `link` (`id`, `nama`, `link`, `created_at`, `updated_at`) VALUES (4, 'elapor', 'https://www.lapor.go.id/', NULL, '2022-07-18 13:59:19');
INSERT INTO `link` (`id`, `nama`, `link`, `created_at`, `updated_at`) VALUES (5, 'whatsapp', 'https://wa.me/6285172281950', NULL, '2022-07-28 00:14:37');
INSERT INTO `link` (`id`, `nama`, `link`, `created_at`, `updated_at`) VALUES (6, 'instagram', 'https://www.instagram.com/satpolppbanjarmasin', NULL, '2022-07-21 08:17:00');
INSERT INTO `link` (`id`, `nama`, `link`, `created_at`, `updated_at`) VALUES (7, 'facebook', 'https://www.facebook.com/profile.php?id=100014173928490', NULL, '2022-07-19 05:39:30');
COMMIT;

-- ----------------------------
-- Table structure for pegawai
-- ----------------------------
DROP TABLE IF EXISTS `pegawai`;
CREATE TABLE `pegawai` (
  `id` int(11) unsigned NOT NULL AUTO_INCREMENT,
  `nik` varchar(255) DEFAULT NULL,
  `nama` varchar(255) DEFAULT NULL,
  `jabatan` varchar(255) DEFAULT NULL,
  `user_id` bigint(11) unsigned DEFAULT NULL,
  `telp` varchar(255) DEFAULT NULL,
  `created_at` timestamp NULL DEFAULT NULL,
  `updated_at` timestamp NULL DEFAULT NULL,
  PRIMARY KEY (`id`) USING BTREE,
  KEY `user_id_pegawai` (`user_id`) USING BTREE,
  CONSTRAINT `user_id_pegawai` FOREIGN KEY (`user_id`) REFERENCES `users` (`id`) ON DELETE CASCADE ON UPDATE CASCADE
) ENGINE=InnoDB AUTO_INCREMENT=208 DEFAULT CHARSET=latin1 ROW_FORMAT=DYNAMIC;

-- ----------------------------
-- Records of pegawai
-- ----------------------------
BEGIN;
INSERT INTO `pegawai` (`id`, `nik`, `nama`, `jabatan`, `user_id`, `telp`, `created_at`, `updated_at`) VALUES (1, '123', 'asrani', 'ksjh', 2, '098765', '2022-06-16 10:06:48', '2022-06-16 10:27:22');
INSERT INTO `pegawai` (`id`, `nik`, `nama`, `jabatan`, `user_id`, `telp`, `created_at`, `updated_at`) VALUES (2, '197403281993111001', 'Ahmad Muzaiyin, S. Sos, M.A', 'Kepala Satuan Polisi Pamong Praja', 5, '-', '2022-07-20 02:37:29', '2022-07-20 02:37:43');
INSERT INTO `pegawai` (`id`, `nik`, `nama`, `jabatan`, `user_id`, `telp`, `created_at`, `updated_at`) VALUES (3, '198107242001121002', 'Dany Matera Saputra, SSTP, M.Si', 'Sekretaris Satuan Polisi Pamong Praja', 6, '-', '2022-07-20 02:38:56', '2022-07-20 02:39:02');
INSERT INTO `pegawai` (`id`, `nik`, `nama`, `jabatan`, `user_id`, `telp`, `created_at`, `updated_at`) VALUES (4, '198711152006021001', 'Noor Fahmi Arif Ridha, S.STP', 'Kabid Penegakan Perda', 7, '-', '2022-07-20 02:40:31', '2022-07-20 02:40:34');
INSERT INTO `pegawai` (`id`, `nik`, `nama`, `jabatan`, `user_id`, `telp`, `created_at`, `updated_at`) VALUES (6, '6371030306950011', 'Abdul Wahab Najir', 'Tenaga Bantuan Keamanan Polisi Pamong Praja', NULL, '-', '2022-07-26 07:43:53', '2022-07-28 03:25:22');
INSERT INTO `pegawai` (`id`, `nik`, `nama`, `jabatan`, `user_id`, `telp`, `created_at`, `updated_at`) VALUES (7, '6371022805880004', 'Abdus Salam', 'Tenaga Bantuan Keamanan Polisi Pamong Praja', NULL, '-', '2022-07-26 07:44:56', '2022-07-28 03:25:48');
INSERT INTO `pegawai` (`id`, `nik`, `nama`, `jabatan`, `user_id`, `telp`, `created_at`, `updated_at`) VALUES (8, '6371012711020005', 'Achmad Wahyudi', 'Tenaga Bantuan Keamanan Polisi Pamong Praja', NULL, '-', '2022-07-26 07:47:01', '2022-07-28 03:26:07');
INSERT INTO `pegawai` (`id`, `nik`, `nama`, `jabatan`, `user_id`, `telp`, `created_at`, `updated_at`) VALUES (9, '005', 'Ahmad Alfiyan', 'Tenaga Bantuan Keamanan Polisi Pamong Praja', NULL, '-', '2022-07-26 07:47:35', '2022-07-28 00:22:38');
INSERT INTO `pegawai` (`id`, `nik`, `nama`, `jabatan`, `user_id`, `telp`, `created_at`, `updated_at`) VALUES (10, '6304052707990005', 'Ahmad Baihaqi', 'Tenaga Bantuan Keamanan Polisi Pamong Praja', NULL, '-', '2022-07-26 07:48:00', '2022-07-28 03:26:30');
INSERT INTO `pegawai` (`id`, `nik`, `nama`, `jabatan`, `user_id`, `telp`, `created_at`, `updated_at`) VALUES (11, '6371031104950006', 'Ahmad Fahriza', 'Tenaga Bantuan Keamanan Polisi Pamong Praja', NULL, '-', '2022-07-26 07:48:19', '2022-07-28 03:26:55');
INSERT INTO `pegawai` (`id`, `nik`, `nama`, `jabatan`, `user_id`, `telp`, `created_at`, `updated_at`) VALUES (12, '6371052405980006', 'Ahmad Fauzan Noor', 'Tenaga Bantuan Keamanan Polisi Pamong Praja', NULL, '-', '2022-07-26 07:48:51', '2022-07-28 03:27:14');
INSERT INTO `pegawai` (`id`, `nik`, `nama`, `jabatan`, `user_id`, `telp`, `created_at`, `updated_at`) VALUES (13, '6303051701000010', 'Ahmad Iqbal', 'Tenaga Bantuan Keamanan Polisi Pamong Praja', NULL, '-', '2022-07-26 07:50:13', '2022-07-28 03:27:34');
INSERT INTO `pegawai` (`id`, `nik`, `nama`, `jabatan`, `user_id`, `telp`, `created_at`, `updated_at`) VALUES (14, '6371040602960012', 'Ahmad Juwaini', 'Tenaga Bantuan Keamanan Polisi Pamong Praja', NULL, '-', '2022-07-26 07:50:30', '2022-07-28 03:28:01');
INSERT INTO `pegawai` (`id`, `nik`, `nama`, `jabatan`, `user_id`, `telp`, `created_at`, `updated_at`) VALUES (15, '6371031707900010', 'Ahmad Khairji', 'Tenaga Bantuan Keamanan Polisi Pamong Praja', NULL, '-', '2022-07-26 07:51:01', '2022-07-28 03:28:36');
INSERT INTO `pegawai` (`id`, `nik`, `nama`, `jabatan`, `user_id`, `telp`, `created_at`, `updated_at`) VALUES (16, '6371030309980003', 'Ahmad Pramana Jaya', 'Tenaga Bantuan Keamanan Polisi Pamong Praja', NULL, '-', '2022-07-26 07:51:23', '2022-07-28 03:29:05');
INSERT INTO `pegawai` (`id`, `nik`, `nama`, `jabatan`, `user_id`, `telp`, `created_at`, `updated_at`) VALUES (17, '6304011708960001', 'Ahmad Refa’i, S.Kom', 'Tenaga Bantuan Keamanan Polisi Pamong Praja', NULL, '-', '2022-07-26 07:51:42', '2022-07-28 03:29:26');
INSERT INTO `pegawai` (`id`, `nik`, `nama`, `jabatan`, `user_id`, `telp`, `created_at`, `updated_at`) VALUES (18, '6206100403980002', 'Ahmad Rezeki F, S.Kom', 'Tenaga Bantuan Keamanan Polisi Pamong Praja', 41, '-', '2022-07-26 07:52:00', '2022-07-29 01:41:52');
INSERT INTO `pegawai` (`id`, `nik`, `nama`, `jabatan`, `user_id`, `telp`, `created_at`, `updated_at`) VALUES (19, '6371011112910007', 'Ahmad Rijal', 'Tenaga Bantuan Keamanan Polisi Pamong Praja', NULL, '-', '2022-07-26 07:52:28', '2022-07-28 03:30:25');
INSERT INTO `pegawai` (`id`, `nik`, `nama`, `jabatan`, `user_id`, `telp`, `created_at`, `updated_at`) VALUES (20, '6371020507980019', 'Ahmad Sholihin', 'Tenaga Bantuan Keamanan Polisi Pamong Praja', NULL, '-', '2022-07-26 07:52:51', '2022-07-28 03:31:38');
INSERT INTO `pegawai` (`id`, `nik`, `nama`, `jabatan`, `user_id`, `telp`, `created_at`, `updated_at`) VALUES (21, '6371021408760007', 'Ahmad Sulaiman', 'Tenaga Bantuan Keamanan Polisi Pamong Praja', NULL, '-', '2022-07-26 07:55:46', '2022-07-28 03:31:55');
INSERT INTO `pegawai` (`id`, `nik`, `nama`, `jabatan`, `user_id`, `telp`, `created_at`, `updated_at`) VALUES (22, '6371021203740010', 'Ahmadi', 'Tenaga Bantuan Keamanan Polisi Pamong Praja', NULL, '-', '2022-07-26 07:56:16', '2022-07-28 03:32:13');
INSERT INTO `pegawai` (`id`, `nik`, `nama`, `jabatan`, `user_id`, `telp`, `created_at`, `updated_at`) VALUES (23, '6371052707770011', 'Aidik Chriswanto', 'Tenaga Bantuan Keamanan Polisi Pamong Praja', NULL, '-', '2022-07-26 07:56:48', '2022-07-28 03:32:42');
INSERT INTO `pegawai` (`id`, `nik`, `nama`, `jabatan`, `user_id`, `telp`, `created_at`, `updated_at`) VALUES (24, '6371023006010004', 'Akhmad Ridhani', 'Tenaga Bantuan Keamanan Polisi Pamong Praja', NULL, '-', '2022-07-26 07:57:35', '2022-07-28 03:33:01');
INSERT INTO `pegawai` (`id`, `nik`, `nama`, `jabatan`, `user_id`, `telp`, `created_at`, `updated_at`) VALUES (25, '6371010310030006', 'Akmal Wirayudha', 'Tenaga Bantuan Keamanan Polisi Pamong Praja', NULL, '-', '2022-07-26 07:58:17', '2022-07-28 03:33:21');
INSERT INTO `pegawai` (`id`, `nik`, `nama`, `jabatan`, `user_id`, `telp`, `created_at`, `updated_at`) VALUES (26, '6371030411960001', 'Alfian Noor', 'Tenaga Bantuan Keamanan Polisi Pamong Praja', NULL, '-', '2022-07-26 07:58:38', '2022-07-28 03:33:43');
INSERT INTO `pegawai` (`id`, `nik`, `nama`, `jabatan`, `user_id`, `telp`, `created_at`, `updated_at`) VALUES (27, '6303032901890001', 'Alfian Noor Anwari', 'Tenaga Bantuan Keamanan Polisi Pamong Praja', NULL, '-', '2022-07-26 07:58:57', '2022-07-28 03:34:08');
INSERT INTO `pegawai` (`id`, `nik`, `nama`, `jabatan`, `user_id`, `telp`, `created_at`, `updated_at`) VALUES (28, '6371011507850008', 'Alfianor', 'Tenaga Bantuan Keamanan Polisi Pamong Praja', NULL, '-', '2022-07-26 07:59:17', '2022-07-28 03:34:24');
INSERT INTO `pegawai` (`id`, `nik`, `nama`, `jabatan`, `user_id`, `telp`, `created_at`, `updated_at`) VALUES (29, '6371031507700015', 'Ali Rahman', 'Tenaga Bantuan Keamanan Polisi Pamong Praja', NULL, '-', '2022-07-26 07:59:44', '2022-07-28 03:34:42');
INSERT INTO `pegawai` (`id`, `nik`, `nama`, `jabatan`, `user_id`, `telp`, `created_at`, `updated_at`) VALUES (30, '6371042010900003', 'Aminin', 'Tenaga Bantuan Keamanan Polisi Pamong Praja', 33, '-', '2022-07-26 08:00:01', '2022-07-29 01:33:04');
INSERT INTO `pegawai` (`id`, `nik`, `nama`, `jabatan`, `user_id`, `telp`, `created_at`, `updated_at`) VALUES (31, '6203041712920001', 'Amirul Hasan', 'Tenaga Bantuan Keamanan Polisi Pamong Praja', NULL, '-', '2022-07-26 08:01:26', '2022-07-28 03:35:15');
INSERT INTO `pegawai` (`id`, `nik`, `nama`, `jabatan`, `user_id`, `telp`, `created_at`, `updated_at`) VALUES (32, '6303031010950004', 'Ananta Jaya', 'Tenaga Bantuan Keamanan Polisi Pamong Praja', NULL, '-', '2022-07-26 08:01:43', '2022-07-28 03:35:34');
INSERT INTO `pegawai` (`id`, `nik`, `nama`, `jabatan`, `user_id`, `telp`, `created_at`, `updated_at`) VALUES (33, '6304020502020001', 'Andeka Dharma Setya Wijanarko', 'Tenaga Bantuan Keamanan Polisi Pamong Praja', NULL, '-', '2022-07-26 08:02:01', '2022-07-28 03:35:52');
INSERT INTO `pegawai` (`id`, `nik`, `nama`, `jabatan`, `user_id`, `telp`, `created_at`, `updated_at`) VALUES (34, '6371021004910003', 'Andri Aprillian Ramadhani', 'Tenaga Bantuan Keamanan Polisi Pamong Praja', NULL, '-', '2022-07-26 08:02:25', '2022-07-28 03:36:11');
INSERT INTO `pegawai` (`id`, `nik`, `nama`, `jabatan`, `user_id`, `telp`, `created_at`, `updated_at`) VALUES (35, '6371041012860001', 'Andri Fitriansyah', 'Tenaga Bantuan Keamanan Polisi Pamong Praja', NULL, '-', '2022-07-26 08:03:08', '2022-07-28 03:36:31');
INSERT INTO `pegawai` (`id`, `nik`, `nama`, `jabatan`, `user_id`, `telp`, `created_at`, `updated_at`) VALUES (36, '6371050406970004', 'Angga Pratama Putra', 'Tenaga Bantuan Keamanan Polisi Pamong Praja', NULL, '-', '2022-07-26 08:03:42', '2022-07-28 03:36:48');
INSERT INTO `pegawai` (`id`, `nik`, `nama`, `jabatan`, `user_id`, `telp`, `created_at`, `updated_at`) VALUES (37, '6371025004930007', 'Anisa Asriani', 'Tenaga Bantuan Keamanan Polisi Pamong Praja', NULL, '-', '2022-07-26 08:04:01', '2022-07-28 03:37:18');
INSERT INTO `pegawai` (`id`, `nik`, `nama`, `jabatan`, `user_id`, `telp`, `created_at`, `updated_at`) VALUES (38, '6371055004970004', 'Anita Apriyanti', 'Tenaga Bantuan Keamanan Polisi Pamong Praja', NULL, '-', '2022-07-26 08:04:27', '2022-07-28 03:37:35');
INSERT INTO `pegawai` (`id`, `nik`, `nama`, `jabatan`, `user_id`, `telp`, `created_at`, `updated_at`) VALUES (39, '6371021709880002', 'Ankum Fajri Zein', 'Tenaga Bantuan Keamanan Polisi Pamong Praja', NULL, '-', '2022-07-26 08:04:52', '2022-07-28 03:37:53');
INSERT INTO `pegawai` (`id`, `nik`, `nama`, `jabatan`, `user_id`, `telp`, `created_at`, `updated_at`) VALUES (40, '6371021003910010', 'Arbainsyah', 'Tenaga Bantuan Keamanan Polisi Pamong Praja', NULL, '-', '2022-07-26 08:05:15', '2022-07-28 03:38:10');
INSERT INTO `pegawai` (`id`, `nik`, `nama`, `jabatan`, `user_id`, `telp`, `created_at`, `updated_at`) VALUES (41, '6371053112910007', 'Arga Arhita, S.Kom', 'Tenaga Bantuan Keamanan Polisi Pamong Praja', NULL, '-', '2022-07-26 08:06:03', '2022-07-28 03:38:27');
INSERT INTO `pegawai` (`id`, `nik`, `nama`, `jabatan`, `user_id`, `telp`, `created_at`, `updated_at`) VALUES (42, '6371016808960008', 'Astuti Wardah', 'Tenaga Bantuan Keamanan Polisi Pamong Praja', NULL, '-', '2022-07-26 08:06:20', '2022-07-28 03:38:41');
INSERT INTO `pegawai` (`id`, `nik`, `nama`, `jabatan`, `user_id`, `telp`, `created_at`, `updated_at`) VALUES (43, '6371036707890007', 'Ayu Monica A.', 'Tenaga Bantuan Keamanan Polisi Pamong Praja', NULL, '-', '2022-07-26 08:07:28', '2022-07-28 03:38:56');
INSERT INTO `pegawai` (`id`, `nik`, `nama`, `jabatan`, `user_id`, `telp`, `created_at`, `updated_at`) VALUES (44, '6371056703970002', 'Batinah, S.H', 'Tenaga Bantuan Keamanan Polisi Pamong Praja', NULL, '-', '2022-07-26 08:07:56', '2022-07-28 03:39:15');
INSERT INTO `pegawai` (`id`, `nik`, `nama`, `jabatan`, `user_id`, `telp`, `created_at`, `updated_at`) VALUES (45, '6371041906900005', 'Benny Rahmat, S.H', 'Tenaga Bantuan Keamanan Polisi Pamong Praja', NULL, '-', '2022-07-26 08:08:39', '2022-07-28 03:39:34');
INSERT INTO `pegawai` (`id`, `nik`, `nama`, `jabatan`, `user_id`, `telp`, `created_at`, `updated_at`) VALUES (46, '6371031212940006', 'Bhakti Setya Putra, S.Kom', 'Tenaga Bantuan Keamanan Polisi Pamong Praja', 32, '-', '2022-07-26 08:09:03', '2022-07-28 03:18:31');
INSERT INTO `pegawai` (`id`, `nik`, `nama`, `jabatan`, `user_id`, `telp`, `created_at`, `updated_at`) VALUES (47, '6371031909790009', 'Budi Sugeng Santoso', 'Tenaga Bantuan Keamanan Polisi Pamong Praja', NULL, '-', '2022-07-26 08:09:22', '2022-07-28 03:40:05');
INSERT INTO `pegawai` (`id`, `nik`, `nama`, `jabatan`, `user_id`, `telp`, `created_at`, `updated_at`) VALUES (48, '6371022102830009', 'Ciptadi Hendra', 'Tenaga Bantuan Keamanan Polisi Pamong Praja', NULL, '-', '2022-07-26 08:09:41', '2022-07-28 03:40:21');
INSERT INTO `pegawai` (`id`, `nik`, `nama`, `jabatan`, `user_id`, `telp`, `created_at`, `updated_at`) VALUES (49, '6371021503860007', 'Deddy D.', 'Tenaga Bantuan Keamanan Polisi Pamong Praja', NULL, '-', '2022-07-26 08:10:01', '2022-07-28 03:40:36');
INSERT INTO `pegawai` (`id`, `nik`, `nama`, `jabatan`, `user_id`, `telp`, `created_at`, `updated_at`) VALUES (50, '6371051903920011', 'Deniz Manggala Praja, S.Ip', 'Tenaga Bantuan Keamanan Polisi Pamong Praja', NULL, '-', '2022-07-26 08:10:19', '2022-07-28 03:40:53');
INSERT INTO `pegawai` (`id`, `nik`, `nama`, `jabatan`, `user_id`, `telp`, `created_at`, `updated_at`) VALUES (51, '6303020107890161', 'Denny Renaldie, S.H', 'Tenaga Bantuan Keamanan Polisi Pamong Praja', NULL, '-', '2022-07-26 08:10:37', '2022-07-28 03:41:08');
INSERT INTO `pegawai` (`id`, `nik`, `nama`, `jabatan`, `user_id`, `telp`, `created_at`, `updated_at`) VALUES (52, '6371055509960006', 'Dessy Ariyani', 'Tenaga Bantuan Keamanan Polisi Pamong Praja', NULL, '-', '2022-07-26 08:10:53', '2022-07-28 03:41:39');
INSERT INTO `pegawai` (`id`, `nik`, `nama`, `jabatan`, `user_id`, `telp`, `created_at`, `updated_at`) VALUES (53, '3329154910940004', 'Devi Fiki Tantia, S.Pd', 'Tenaga Bantuan Keamanan Polisi Pamong Praja', NULL, '-', '2022-07-26 08:11:11', '2022-07-28 03:41:57');
INSERT INTO `pegawai` (`id`, `nik`, `nama`, `jabatan`, `user_id`, `telp`, `created_at`, `updated_at`) VALUES (54, '050', 'Dewi Restu Anggraini', 'Tenaga Bantuan Keamanan Polisi Pamong Praja', NULL, '-', '2022-07-26 08:11:28', '2022-07-28 00:33:29');
INSERT INTO `pegawai` (`id`, `nik`, `nama`, `jabatan`, `user_id`, `telp`, `created_at`, `updated_at`) VALUES (55, '6371057107920003', 'Dina Oktaviana', 'Tenaga Bantuan Keamanan Polisi Pamong Praja', NULL, '-', '2022-07-26 08:11:51', '2022-07-28 03:42:22');
INSERT INTO `pegawai` (`id`, `nik`, `nama`, `jabatan`, `user_id`, `telp`, `created_at`, `updated_at`) VALUES (56, '052', 'Ditha Assifa Rahman', 'Tenaga Bantuan Keamanan Polisi Pamong Praja', NULL, '-', '2022-07-26 08:12:36', '2022-07-28 00:33:50');
INSERT INTO `pegawai` (`id`, `nik`, `nama`, `jabatan`, `user_id`, `telp`, `created_at`, `updated_at`) VALUES (57, '6371024608920006', 'Dwi Nanda Ivtasari, S.H', 'Tenaga Bantuan Keamanan Polisi Pamong Praja', NULL, '-', '2022-07-26 08:12:54', '2022-07-28 03:42:42');
INSERT INTO `pegawai` (`id`, `nik`, `nama`, `jabatan`, `user_id`, `telp`, `created_at`, `updated_at`) VALUES (58, '6371011408900004', 'Eko Agus Setiawan', 'Tenaga Bantuan Keamanan Polisi Pamong Praja', NULL, '-', '2022-07-28 00:34:18', '2022-07-28 03:43:05');
INSERT INTO `pegawai` (`id`, `nik`, `nama`, `jabatan`, `user_id`, `telp`, `created_at`, `updated_at`) VALUES (59, '6371040706940003', 'Erik Saputra', 'Tenaga Bantuan Keamanan Polisi Pamong Praja', NULL, '-', '2022-07-28 00:34:29', '2022-07-28 03:43:26');
INSERT INTO `pegawai` (`id`, `nik`, `nama`, `jabatan`, `user_id`, `telp`, `created_at`, `updated_at`) VALUES (60, '6371020603940003', 'Fajar Ifni', 'Tenaga Bantuan Keamanan Polisi Pamong Praja', NULL, '-', '2022-07-28 00:34:42', '2022-07-28 03:43:40');
INSERT INTO `pegawai` (`id`, `nik`, `nama`, `jabatan`, `user_id`, `telp`, `created_at`, `updated_at`) VALUES (61, '6371021406870007', 'Fathurrahman', 'Tenaga Bantuan Keamanan Polisi Pamong Praja', NULL, '-', '2022-07-28 00:34:58', '2022-07-28 03:43:52');
INSERT INTO `pegawai` (`id`, `nik`, `nama`, `jabatan`, `user_id`, `telp`, `created_at`, `updated_at`) VALUES (62, '6371052909010005', 'Fazrian Noor', 'Tenaga Bantuan Keamanan Polisi Pamong Praja', NULL, '-', '2022-07-28 00:35:10', '2022-07-28 03:44:08');
INSERT INTO `pegawai` (`id`, `nik`, `nama`, `jabatan`, `user_id`, `telp`, `created_at`, `updated_at`) VALUES (63, '6371035002000004', 'Gina Agnia Safira', 'Tenaga Bantuan Keamanan Polisi Pamong Praja', NULL, '-', '2022-07-28 00:35:23', '2022-07-28 03:44:28');
INSERT INTO `pegawai` (`id`, `nik`, `nama`, `jabatan`, `user_id`, `telp`, `created_at`, `updated_at`) VALUES (64, '6371020103850010', 'Gusti Muhammad Hasan', 'Tenaga Bantuan Keamanan Polisi Pamong Praja', NULL, '-', '2022-07-28 00:35:38', '2022-07-28 03:44:56');
INSERT INTO `pegawai` (`id`, `nik`, `nama`, `jabatan`, `user_id`, `telp`, `created_at`, `updated_at`) VALUES (65, '061', 'Guruh Dwi Putra', 'Tenaga Bantuan Keamanan Polisi Pamong Praja', NULL, '-', '2022-07-28 00:35:50', '2022-07-28 00:35:50');
INSERT INTO `pegawai` (`id`, `nik`, `nama`, `jabatan`, `user_id`, `telp`, `created_at`, `updated_at`) VALUES (66, '6371041011980010', 'Gusti Riduansyah Noor', 'Tenaga Bantuan Keamanan Polisi Pamong Praja', NULL, '-', '2022-07-28 00:36:11', '2022-07-28 03:48:14');
INSERT INTO `pegawai` (`id`, `nik`, `nama`, `jabatan`, `user_id`, `telp`, `created_at`, `updated_at`) VALUES (67, '6371023003960004', 'Hafizul Malik', 'Tenaga Bantuan Keamanan Polisi Pamong Praja', 42, '-', '2022-07-28 00:36:24', '2022-07-29 01:42:02');
INSERT INTO `pegawai` (`id`, `nik`, `nama`, `jabatan`, `user_id`, `telp`, `created_at`, `updated_at`) VALUES (68, '6371035012950008', 'Hayatus Siva', 'Tenaga Bantuan Keamanan Polisi Pamong Praja', NULL, '-', '2022-07-28 00:36:37', '2022-07-28 03:48:48');
INSERT INTO `pegawai` (`id`, `nik`, `nama`, `jabatan`, `user_id`, `telp`, `created_at`, `updated_at`) VALUES (69, '6371022705930005', 'Hendra Hermawan', 'Tenaga Bantuan Keamanan Polisi Pamong Praja', NULL, '-', '2022-07-28 00:36:49', '2022-07-28 03:49:05');
INSERT INTO `pegawai` (`id`, `nik`, `nama`, `jabatan`, `user_id`, `telp`, `created_at`, `updated_at`) VALUES (70, '6306050207880004', 'Hendra Setiawan, A.Md', 'Tenaga Bantuan Keamanan Polisi Pamong Praja', NULL, '-', '2022-07-28 00:37:04', '2022-07-28 03:49:18');
INSERT INTO `pegawai` (`id`, `nik`, `nama`, `jabatan`, `user_id`, `telp`, `created_at`, `updated_at`) VALUES (71, '6371024402950007', 'Henny', 'Tenaga Bantuan Keamanan Polisi Pamong Praja', NULL, '-', '2022-07-28 00:37:17', '2022-07-28 03:49:34');
INSERT INTO `pegawai` (`id`, `nik`, `nama`, `jabatan`, `user_id`, `telp`, `created_at`, `updated_at`) VALUES (72, '6371044601880004', 'Herliyana', 'Tenaga Bantuan Keamanan Polisi Pamong Praja', NULL, '-', '2022-07-28 00:37:29', '2022-07-28 03:49:49');
INSERT INTO `pegawai` (`id`, `nik`, `nama`, `jabatan`, `user_id`, `telp`, `created_at`, `updated_at`) VALUES (73, '6371036410880006', 'Herma Kumala Sari', 'Tenaga Bantuan Keamanan Polisi Pamong Praja', NULL, '-', '2022-07-28 00:37:45', '2022-07-28 03:50:03');
INSERT INTO `pegawai` (`id`, `nik`, `nama`, `jabatan`, `user_id`, `telp`, `created_at`, `updated_at`) VALUES (74, '6371021511840008', 'Herwansyah', 'Tenaga Bantuan Keamanan Polisi Pamong Praja', NULL, '-', '2022-07-28 00:37:57', '2022-07-28 03:50:20');
INSERT INTO `pegawai` (`id`, `nik`, `nama`, `jabatan`, `user_id`, `telp`, `created_at`, `updated_at`) VALUES (75, '6371010601730003', 'Ibnu Kasim', 'Tenaga Bantuan Keamanan Polisi Pamong Praja', NULL, '-', '2022-07-28 00:38:11', '2022-07-28 03:54:25');
INSERT INTO `pegawai` (`id`, `nik`, `nama`, `jabatan`, `user_id`, `telp`, `created_at`, `updated_at`) VALUES (76, '6371021301850007', 'Indra Jaya', 'Tenaga Bantuan Keamanan Polisi Pamong Praja', NULL, '-', '2022-07-28 00:38:24', '2022-07-28 03:54:38');
INSERT INTO `pegawai` (`id`, `nik`, `nama`, `jabatan`, `user_id`, `telp`, `created_at`, `updated_at`) VALUES (77, '6371032707720015', 'Indra Rukmana', 'Tenaga Bantuan Keamanan Polisi Pamong Praja', NULL, '-', '2022-07-28 00:38:36', '2022-07-28 03:55:00');
INSERT INTO `pegawai` (`id`, `nik`, `nama`, `jabatan`, `user_id`, `telp`, `created_at`, `updated_at`) VALUES (78, '6371031007740021', 'Irwan Permana', 'Tenaga Bantuan Keamanan Polisi Pamong Praja', NULL, '-', '2022-07-28 00:39:01', '2022-07-28 03:55:15');
INSERT INTO `pegawai` (`id`, `nik`, `nama`, `jabatan`, `user_id`, `telp`, `created_at`, `updated_at`) VALUES (79, '6371031302820009', 'Iswan Rifani', 'Tenaga Bantuan Keamanan Polisi Pamong Praja', NULL, '-', '2022-07-28 00:39:16', '2022-07-28 03:55:28');
INSERT INTO `pegawai` (`id`, `nik`, `nama`, `jabatan`, `user_id`, `telp`, `created_at`, `updated_at`) VALUES (80, '6371030107840458', 'Kamarudin', 'Tenaga Bantuan Keamanan Polisi Pamong Praja', NULL, '-', '2022-07-28 00:39:31', '2022-07-28 03:55:43');
INSERT INTO `pegawai` (`id`, `nik`, `nama`, `jabatan`, `user_id`, `telp`, `created_at`, `updated_at`) VALUES (81, '6371052501750003', 'Kamarullah', 'Tenaga Bantuan Keamanan Polisi Pamong Praja', NULL, '-', '2022-07-28 00:39:43', '2022-07-28 03:55:57');
INSERT INTO `pegawai` (`id`, `nik`, `nama`, `jabatan`, `user_id`, `telp`, `created_at`, `updated_at`) VALUES (82, '6371020801900005', 'Kaspul Anwar, S.H', 'Tenaga Bantuan Keamanan Polisi Pamong Praja', NULL, '-', '2022-07-28 00:40:00', '2022-07-28 03:56:11');
INSERT INTO `pegawai` (`id`, `nik`, `nama`, `jabatan`, `user_id`, `telp`, `created_at`, `updated_at`) VALUES (83, '6371021004940005', 'Khairul Fahmi', 'Tenaga Bantuan Keamanan Polisi Pamong Praja', 40, '-', '2022-07-28 00:40:13', '2022-07-29 01:41:18');
INSERT INTO `pegawai` (`id`, `nik`, `nama`, `jabatan`, `user_id`, `telp`, `created_at`, `updated_at`) VALUES (84, '6371041906870003', 'Lukman Hakim', 'Tenaga Bantuan Keamanan Polisi Pamong Praja', NULL, '-', '2022-07-28 00:40:26', '2022-07-28 03:56:37');
INSERT INTO `pegawai` (`id`, `nik`, `nama`, `jabatan`, `user_id`, `telp`, `created_at`, `updated_at`) VALUES (85, '6371025708920009', 'Lydia Agustina', 'Tenaga Bantuan Keamanan Polisi Pamong Praja', NULL, '-', '2022-07-28 00:40:37', '2022-07-28 03:56:53');
INSERT INTO `pegawai` (`id`, `nik`, `nama`, `jabatan`, `user_id`, `telp`, `created_at`, `updated_at`) VALUES (86, '6371023008950004', 'Muhammad Agus Setiawan', 'Tenaga Bantuan Keamanan Polisi Pamong Praja', NULL, '-', '2022-07-28 00:40:51', '2022-07-28 04:04:54');
INSERT INTO `pegawai` (`id`, `nik`, `nama`, `jabatan`, `user_id`, `telp`, `created_at`, `updated_at`) VALUES (87, '6371032906960002', 'Muhammad Barli Halim', 'Tenaga Bantuan Keamanan Polisi Pamong Praja', NULL, '-', '2022-07-28 00:41:18', '2022-07-28 04:05:01');
INSERT INTO `pegawai` (`id`, `nik`, `nama`, `jabatan`, `user_id`, `telp`, `created_at`, `updated_at`) VALUES (88, '6372021112960003', 'Muhammad Davy Muthahir M. S. I.', 'Tenaga Bantuan Keamanan Polisi Pamong Praja', NULL, '-', '2022-07-28 00:41:33', '2022-07-28 04:05:45');
INSERT INTO `pegawai` (`id`, `nik`, `nama`, `jabatan`, `user_id`, `telp`, `created_at`, `updated_at`) VALUES (89, '6371030703830015', 'Muhammad Isnaini', 'Tenaga Bantuan Keamanan Polisi Pamong Praja', NULL, '-', '2022-07-28 00:41:45', '2022-07-28 04:05:53');
INSERT INTO `pegawai` (`id`, `nik`, `nama`, `jabatan`, `user_id`, `telp`, `created_at`, `updated_at`) VALUES (90, '6371030707940011', 'Muhammad Misbahul Munir', 'Tenaga Bantuan Keamanan Polisi Pamong Praja', NULL, '-', '2022-07-28 00:41:59', '2022-07-28 04:06:02');
INSERT INTO `pegawai` (`id`, `nik`, `nama`, `jabatan`, `user_id`, `telp`, `created_at`, `updated_at`) VALUES (91, '6371051108750004', 'Muhammad Rakhman', 'Tenaga Bantuan Keamanan Polisi Pamong Praja', NULL, '-', '2022-07-28 00:42:13', '2022-07-28 04:06:38');
INSERT INTO `pegawai` (`id`, `nik`, `nama`, `jabatan`, `user_id`, `telp`, `created_at`, `updated_at`) VALUES (92, '6371032906010009', 'Muhammad Rama Saputra', 'Tenaga Bantuan Keamanan Polisi Pamong Praja', NULL, '-', '2022-07-28 00:42:27', '2022-07-28 04:07:02');
INSERT INTO `pegawai` (`id`, `nik`, `nama`, `jabatan`, `user_id`, `telp`, `created_at`, `updated_at`) VALUES (93, '6306052101880001', 'Abdul Mumin, S.H', 'Tenaga Bantuan Keamanan Polisi Pamong Praja', NULL, '-', '2022-07-28 00:49:49', '2022-07-28 04:07:18');
INSERT INTO `pegawai` (`id`, `nik`, `nama`, `jabatan`, `user_id`, `telp`, `created_at`, `updated_at`) VALUES (94, '6303042906000001', 'Mahyuni', 'Tenaga Bantuan Keamanan Polisi Pamong Praja', NULL, '-', '2022-07-28 04:07:53', '2022-07-28 04:07:53');
INSERT INTO `pegawai` (`id`, `nik`, `nama`, `jabatan`, `user_id`, `telp`, `created_at`, `updated_at`) VALUES (95, '6371011403880008', 'Marga Piri, S.H', 'Tenaga Bantuan Keamanan Polisi Pamong Praja', NULL, '-', '2022-07-28 04:08:18', '2022-07-28 04:08:18');
INSERT INTO `pegawai` (`id`, `nik`, `nama`, `jabatan`, `user_id`, `telp`, `created_at`, `updated_at`) VALUES (96, '6371047005950002', 'Meris Sulistiani, S.Kom', 'Tenaga Bantuan Keamanan Polisi Pamong Praja', NULL, '-', '2022-07-28 04:08:47', '2022-07-28 04:08:47');
INSERT INTO `pegawai` (`id`, `nik`, `nama`, `jabatan`, `user_id`, `telp`, `created_at`, `updated_at`) VALUES (97, '085', 'Mirza Mantovani B.', 'Tenaga Bantuan Keamanan Polisi Pamong Praja', 38, '-', '2022-07-28 04:09:08', '2022-07-29 01:41:00');
INSERT INTO `pegawai` (`id`, `nik`, `nama`, `jabatan`, `user_id`, `telp`, `created_at`, `updated_at`) VALUES (98, '3529242109000004', 'Moh. Hasbi Hasyim', 'Tenaga Bantuan Keamanan Polisi Pamong Praja', NULL, '-', '2022-07-28 04:09:34', '2022-07-28 04:09:34');
INSERT INTO `pegawai` (`id`, `nik`, `nama`, `jabatan`, `user_id`, `telp`, `created_at`, `updated_at`) VALUES (99, '6371010510850021', 'Mohammad Insan Kamil', 'Tenaga Bantuan Keamanan Polisi Pamong Praja', NULL, '-', '2022-07-28 04:09:59', '2022-07-28 04:09:59');
INSERT INTO `pegawai` (`id`, `nik`, `nama`, `jabatan`, `user_id`, `telp`, `created_at`, `updated_at`) VALUES (100, '6371052404790003', 'Muaddin Noor', 'Tenaga Bantuan Keamanan Polisi Pamong Praja', NULL, '-', '2022-07-28 04:10:22', '2022-07-28 04:10:22');
INSERT INTO `pegawai` (`id`, `nik`, `nama`, `jabatan`, `user_id`, `telp`, `created_at`, `updated_at`) VALUES (101, '6371025704020011', 'Muammar', 'Tenaga Bantuan Keamanan Polisi Pamong Praja', NULL, '-', '2022-07-28 04:10:49', '2022-07-28 04:10:49');
INSERT INTO `pegawai` (`id`, `nik`, `nama`, `jabatan`, `user_id`, `telp`, `created_at`, `updated_at`) VALUES (102, '6308050311910003', 'Muhammad Abqari, S.Pd', 'Tenaga Bantuan Keamanan Polisi Pamong Praja', NULL, '-', '2022-07-28 04:11:15', '2022-07-28 04:11:15');
INSERT INTO `pegawai` (`id`, `nik`, `nama`, `jabatan`, `user_id`, `telp`, `created_at`, `updated_at`) VALUES (103, '6371033112950011', 'Muhammad Adhitya Fahrijal, A.Md', 'Tenaga Bantuan Keamanan Polisi Pamong Praja', NULL, '-', '2022-07-28 04:11:41', '2022-07-28 04:11:41');
INSERT INTO `pegawai` (`id`, `nik`, `nama`, `jabatan`, `user_id`, `telp`, `created_at`, `updated_at`) VALUES (104, '093', 'Muhammad Alamnur S.', 'Tenaga Bantuan Keamanan Polisi Pamong Praja', NULL, '-', '2022-07-28 04:12:03', '2022-07-28 04:12:03');
INSERT INTO `pegawai` (`id`, `nik`, `nama`, `jabatan`, `user_id`, `telp`, `created_at`, `updated_at`) VALUES (105, '6371022606960009', 'Muhammad Angga Bagaskara', 'Tenaga Bantuan Keamanan Polisi Pamong Praja', NULL, '-', '2022-07-28 04:12:30', '2022-07-28 04:12:30');
INSERT INTO `pegawai` (`id`, `nik`, `nama`, `jabatan`, `user_id`, `telp`, `created_at`, `updated_at`) VALUES (106, '6371010504940012', 'Muhammad Arifin', 'Tenaga Bantuan Keamanan Polisi Pamong Praja', NULL, '-', '2022-07-28 04:12:54', '2022-07-28 04:12:54');
INSERT INTO `pegawai` (`id`, `nik`, `nama`, `jabatan`, `user_id`, `telp`, `created_at`, `updated_at`) VALUES (107, '6307051205980001', 'Muhammad Bahid Dillah', 'Tenaga Bantuan Keamanan Polisi Pamong Praja', NULL, '-', '2022-07-28 04:13:19', '2022-07-28 04:13:19');
INSERT INTO `pegawai` (`id`, `nik`, `nama`, `jabatan`, `user_id`, `telp`, `created_at`, `updated_at`) VALUES (108, '6372020710970005', 'Muhammad Dicky Maulana Togubu', 'Tenaga Bantuan Keamanan Polisi Pamong Praja', NULL, '-', '2022-07-28 04:13:44', '2022-07-28 04:13:44');
INSERT INTO `pegawai` (`id`, `nik`, `nama`, `jabatan`, `user_id`, `telp`, `created_at`, `updated_at`) VALUES (109, '100', 'Muhammad Erdy L.', 'Tenaga Bantuan Keamanan Polisi Pamong Praja', NULL, '-', '2022-07-28 04:14:05', '2022-07-28 04:14:05');
INSERT INTO `pegawai` (`id`, `nik`, `nama`, `jabatan`, `user_id`, `telp`, `created_at`, `updated_at`) VALUES (110, '6371020406010005', 'Muhammad Faituhrahman', 'Tenaga Bantuan Keamanan Polisi Pamong Praja', NULL, '-', '2022-07-28 04:14:30', '2022-07-28 04:14:30');
INSERT INTO `pegawai` (`id`, `nik`, `nama`, `jabatan`, `user_id`, `telp`, `created_at`, `updated_at`) VALUES (111, '6371012509790005', 'Muhammad Fansuri', 'Tenaga Bantuan Keamanan Polisi Pamong Praja', NULL, '-', '2022-07-28 04:16:01', '2022-07-28 04:16:01');
INSERT INTO `pegawai` (`id`, `nik`, `nama`, `jabatan`, `user_id`, `telp`, `created_at`, `updated_at`) VALUES (112, '6371011310910011', 'Muhammad Fauzan', 'Tenaga Bantuan Keamanan Polisi Pamong Praja', NULL, '-', '2022-07-28 04:16:22', '2022-07-28 04:16:22');
INSERT INTO `pegawai` (`id`, `nik`, `nama`, `jabatan`, `user_id`, `telp`, `created_at`, `updated_at`) VALUES (113, '6371040310890014', 'Muhammad Fauzan Maulidin', 'Tenaga Bantuan Keamanan Polisi Pamong Praja', NULL, '-', '2022-07-28 04:16:47', '2022-07-28 04:16:47');
INSERT INTO `pegawai` (`id`, `nik`, `nama`, `jabatan`, `user_id`, `telp`, `created_at`, `updated_at`) VALUES (114, '6371011808970009', 'Muhammad Ferdi', 'Tenaga Bantuan Keamanan Polisi Pamong Praja', NULL, '-', '2022-07-28 04:17:09', '2022-07-28 04:17:09');
INSERT INTO `pegawai` (`id`, `nik`, `nama`, `jabatan`, `user_id`, `telp`, `created_at`, `updated_at`) VALUES (115, '6371020304990011', 'Muhammad Hapizhi', 'Tenaga Bantuan Keamanan Polisi Pamong Praja', NULL, '-', '2022-07-28 04:17:33', '2022-07-28 04:17:33');
INSERT INTO `pegawai` (`id`, `nik`, `nama`, `jabatan`, `user_id`, `telp`, `created_at`, `updated_at`) VALUES (116, '6371012712910004', 'Muhammad Helmi', 'Tenaga Bantuan Keamanan Polisi Pamong Praja', NULL, '-', '2022-07-28 04:18:01', '2022-07-28 04:18:01');
INSERT INTO `pegawai` (`id`, `nik`, `nama`, `jabatan`, `user_id`, `telp`, `created_at`, `updated_at`) VALUES (117, '6371022002730010', 'Muhammad Husaini', 'Tenaga Bantuan Keamanan Polisi Pamong Praja', NULL, '-', '2022-07-28 04:18:24', '2022-07-28 04:18:24');
INSERT INTO `pegawai` (`id`, `nik`, `nama`, `jabatan`, `user_id`, `telp`, `created_at`, `updated_at`) VALUES (118, '6371030811900002', 'Muhammad Ibnu Noviar', 'Tenaga Bantuan Keamanan Polisi Pamong Praja', NULL, '-', '2022-07-28 04:18:50', '2022-07-28 04:18:50');
INSERT INTO `pegawai` (`id`, `nik`, `nama`, `jabatan`, `user_id`, `telp`, `created_at`, `updated_at`) VALUES (119, '6371032308920006', 'Muhammad Ichyaul Audi', 'Tenaga Bantuan Keamanan Polisi Pamong Praja', NULL, '-', '2022-07-28 04:19:12', '2022-07-28 04:19:12');
INSERT INTO `pegawai` (`id`, `nik`, `nama`, `jabatan`, `user_id`, `telp`, `created_at`, `updated_at`) VALUES (120, '6371010411970010', 'Muhammad Irfani,  A.Md. A.B', 'Tenaga Bantuan Keamanan Polisi Pamong Praja', NULL, '-', '2022-07-28 04:19:47', '2022-07-28 04:19:47');
INSERT INTO `pegawai` (`id`, `nik`, `nama`, `jabatan`, `user_id`, `telp`, `created_at`, `updated_at`) VALUES (121, '6371042806930011', 'Muhammad Lukmanul Hakim', 'Tenaga Bantuan Keamanan Polisi Pamong Praja', NULL, '-', '2022-07-28 04:20:15', '2022-07-28 04:20:15');
INSERT INTO `pegawai` (`id`, `nik`, `nama`, `jabatan`, `user_id`, `telp`, `created_at`, `updated_at`) VALUES (122, '6371031509920008', 'Muhammad Maulani, A.Md', 'Tenaga Bantuan Keamanan Polisi Pamong Praja', NULL, '-', '2022-07-28 04:20:39', '2022-07-28 04:20:39');
INSERT INTO `pegawai` (`id`, `nik`, `nama`, `jabatan`, `user_id`, `telp`, `created_at`, `updated_at`) VALUES (123, '6371022006960003', 'Muhammad Noor Anta Maulana', 'Tenaga Bantuan Keamanan Polisi Pamong Praja', NULL, '-', '2022-07-28 04:21:12', '2022-07-28 04:21:12');
INSERT INTO `pegawai` (`id`, `nik`, `nama`, `jabatan`, `user_id`, `telp`, `created_at`, `updated_at`) VALUES (124, '6371032305880008', 'Muhammad Rafi\'ie, S.H', 'Tenaga Bantuan Keamanan Polisi Pamong Praja', NULL, '-', '2022-07-28 04:21:35', '2022-07-28 04:21:35');
INSERT INTO `pegawai` (`id`, `nik`, `nama`, `jabatan`, `user_id`, `telp`, `created_at`, `updated_at`) VALUES (125, '6371031004820007', 'Muhammad Raji', 'Tenaga Bantuan Keamanan Polisi Pamong Praja', NULL, '-', '2022-07-28 04:21:59', '2022-07-28 04:21:59');
INSERT INTO `pegawai` (`id`, `nik`, `nama`, `jabatan`, `user_id`, `telp`, `created_at`, `updated_at`) VALUES (126, '6371021412960006', 'Muhammad Rapiyani Hambaly', 'Tenaga Bantuan Keamanan Polisi Pamong Praja', NULL, '-', '2022-07-28 04:22:24', '2022-07-28 04:22:24');
INSERT INTO `pegawai` (`id`, `nik`, `nama`, `jabatan`, `user_id`, `telp`, `created_at`, `updated_at`) VALUES (127, '6371040703920008', 'Muhammad Rifani', 'Tenaga Bantuan Keamanan Polisi Pamong Praja', NULL, '-', '2022-07-28 04:22:46', '2022-07-28 04:22:46');
INSERT INTO `pegawai` (`id`, `nik`, `nama`, `jabatan`, `user_id`, `telp`, `created_at`, `updated_at`) VALUES (128, '6304050204950001', 'Muhammad Rizal', 'Tenaga Bantuan Keamanan Polisi Pamong Praja', NULL, '-', '2022-07-28 04:23:13', '2022-07-28 04:23:13');
INSERT INTO `pegawai` (`id`, `nik`, `nama`, `jabatan`, `user_id`, `telp`, `created_at`, `updated_at`) VALUES (129, '124', 'Muhammad Rizal, S.I.Kom', 'Tenaga Bantuan Keamanan Polisi Pamong Praja', NULL, '-', '2022-07-28 04:23:35', '2022-07-28 04:23:35');
INSERT INTO `pegawai` (`id`, `nik`, `nama`, `jabatan`, `user_id`, `telp`, `created_at`, `updated_at`) VALUES (130, '6371052004940009', 'Muhammad Rudian', 'Tenaga Bantuan Keamanan Polisi Pamong Praja', NULL, '-', '2022-07-28 04:23:59', '2022-07-28 04:23:59');
INSERT INTO `pegawai` (`id`, `nik`, `nama`, `jabatan`, `user_id`, `telp`, `created_at`, `updated_at`) VALUES (131, '6371011602950010', 'Muhammad Subeki', 'Tenaga Bantuan Keamanan Polisi Pamong Praja', NULL, '-', '2022-07-28 04:24:27', '2022-07-28 04:24:27');
INSERT INTO `pegawai` (`id`, `nik`, `nama`, `jabatan`, `user_id`, `telp`, `created_at`, `updated_at`) VALUES (132, '6303042611870003', 'Muhammad Subhan Hadi, S.Pd.I', 'Tenaga Bantuan Keamanan Polisi Pamong Praja', NULL, '-', '2022-07-28 04:24:54', '2022-07-28 04:24:54');
INSERT INTO `pegawai` (`id`, `nik`, `nama`, `jabatan`, `user_id`, `telp`, `created_at`, `updated_at`) VALUES (133, '6371012311870002', 'Muhammad Syahril, S.Pd.I', 'Tenaga Bantuan Keamanan Polisi Pamong Praja', NULL, '-', '2022-07-28 04:25:25', '2022-07-28 04:25:25');
INSERT INTO `pegawai` (`id`, `nik`, `nama`, `jabatan`, `user_id`, `telp`, `created_at`, `updated_at`) VALUES (134, '6371052106930003', 'Muhammad Syarief Hidayatullah', 'Tenaga Bantuan Keamanan Polisi Pamong Praja', NULL, '-', '2022-07-28 04:33:21', '2022-07-28 04:33:21');
INSERT INTO `pegawai` (`id`, `nik`, `nama`, `jabatan`, `user_id`, `telp`, `created_at`, `updated_at`) VALUES (135, '6371031701010009', 'Muhammad Willy E.', 'Tenaga Bantuan Keamanan Polisi Pamong Praja', NULL, '-', '2022-07-28 04:33:43', '2022-07-28 04:33:43');
INSERT INTO `pegawai` (`id`, `nik`, `nama`, `jabatan`, `user_id`, `telp`, `created_at`, `updated_at`) VALUES (136, '6371021008940003', 'Muhammad Yudi', 'Tenaga Bantuan Keamanan Polisi Pamong Praja', NULL, '-', '2022-07-28 04:34:10', '2022-07-28 04:34:10');
INSERT INTO `pegawai` (`id`, `nik`, `nama`, `jabatan`, `user_id`, `telp`, `created_at`, `updated_at`) VALUES (137, '6371021805030005', 'Muhammad Zada Saidani', 'Tenaga Bantuan Keamanan Polisi Pamong Praja', 36, '-', '2022-07-28 04:34:37', '2022-07-29 01:40:44');
INSERT INTO `pegawai` (`id`, `nik`, `nama`, `jabatan`, `user_id`, `telp`, `created_at`, `updated_at`) VALUES (138, '6371022807880007', 'Muhammad Zahid Husin, S.E.I.', 'Tenaga Bantuan Keamanan Polisi Pamong Praja', NULL, '-', '2022-07-28 04:35:13', '2022-07-28 04:35:13');
INSERT INTO `pegawai` (`id`, `nik`, `nama`, `jabatan`, `user_id`, `telp`, `created_at`, `updated_at`) VALUES (139, '6371031902000007', 'Muhammad Zidan Akbar', 'Tenaga Bantuan Keamanan Polisi Pamong Praja', NULL, '-', '2022-07-28 04:35:43', '2022-07-28 04:35:43');
INSERT INTO `pegawai` (`id`, `nik`, `nama`, `jabatan`, `user_id`, `telp`, `created_at`, `updated_at`) VALUES (140, '6371031706990008', 'Muli Antony', 'Tenaga Bantuan Keamanan Polisi Pamong Praja', NULL, '-', '2022-07-28 04:36:09', '2022-07-28 04:36:09');
INSERT INTO `pegawai` (`id`, `nik`, `nama`, `jabatan`, `user_id`, `telp`, `created_at`, `updated_at`) VALUES (141, '6371044709900008', 'Muna Sevty Rizka', 'Tenaga Bantuan Keamanan Polisi Pamong Praja', NULL, '-', '2022-07-28 04:36:32', '2022-07-28 04:36:32');
INSERT INTO `pegawai` (`id`, `nik`, `nama`, `jabatan`, `user_id`, `telp`, `created_at`, `updated_at`) VALUES (142, '6371043110850003', 'Murtadha Zulfan, S.Si', 'Tenaga Bantuan Keamanan Polisi Pamong Praja', NULL, '-', '2022-07-28 04:37:00', '2022-07-28 04:37:00');
INSERT INTO `pegawai` (`id`, `nik`, `nama`, `jabatan`, `user_id`, `telp`, `created_at`, `updated_at`) VALUES (143, '6371034910030005', 'Mutia Syaila Agisna', 'Tenaga Bantuan Keamanan Polisi Pamong Praja', NULL, '-', '2022-07-28 04:38:02', '2022-07-28 04:38:02');
INSERT INTO `pegawai` (`id`, `nik`, `nama`, `jabatan`, `user_id`, `telp`, `created_at`, `updated_at`) VALUES (144, '6303046106000005', 'Nadia Maulida', 'Tenaga Bantuan Keamanan Polisi Pamong Praja', NULL, '-', '2022-07-28 04:38:27', '2022-07-28 04:38:27');
INSERT INTO `pegawai` (`id`, `nik`, `nama`, `jabatan`, `user_id`, `telp`, `created_at`, `updated_at`) VALUES (145, '6371030709920013', 'Nijammudin', 'Tenaga Bantuan Keamanan Polisi Pamong Praja', NULL, '-', '2022-07-28 04:38:51', '2022-07-28 04:38:51');
INSERT INTO `pegawai` (`id`, `nik`, `nama`, `jabatan`, `user_id`, `telp`, `created_at`, `updated_at`) VALUES (146, '6371016704990004', 'Nindy Dwi Afrinia', 'Tenaga Bantuan Keamanan Polisi Pamong Praja', NULL, '-', '2022-07-28 04:39:50', '2022-07-28 04:39:50');
INSERT INTO `pegawai` (`id`, `nik`, `nama`, `jabatan`, `user_id`, `telp`, `created_at`, `updated_at`) VALUES (147, '6371036805960008', 'Noor Anisa Rusnandar, S.E', 'Tenaga Bantuan Keamanan Polisi Pamong Praja', NULL, '-', '2022-07-28 04:40:17', '2022-07-28 04:40:17');
INSERT INTO `pegawai` (`id`, `nik`, `nama`, `jabatan`, `user_id`, `telp`, `created_at`, `updated_at`) VALUES (148, '6307016409900001', 'Noor Laila, S.Pd.I', 'Tenaga Bantuan Keamanan Polisi Pamong Praja', NULL, '-', '2022-07-28 04:40:38', '2022-07-28 04:40:38');
INSERT INTO `pegawai` (`id`, `nik`, `nama`, `jabatan`, `user_id`, `telp`, `created_at`, `updated_at`) VALUES (149, '6371045011910003', 'Novia Mawarni', 'Tenaga Bantuan Keamanan Polisi Pamong Praja', NULL, '-', '2022-07-28 04:41:04', '2022-07-28 04:41:04');
INSERT INTO `pegawai` (`id`, `nik`, `nama`, `jabatan`, `user_id`, `telp`, `created_at`, `updated_at`) VALUES (150, '6371040804840006', 'Novian Haris', 'Tenaga Bantuan Keamanan Polisi Pamong Praja', NULL, '-', '2022-07-28 04:41:25', '2022-07-28 04:41:25');
INSERT INTO `pegawai` (`id`, `nik`, `nama`, `jabatan`, `user_id`, `telp`, `created_at`, `updated_at`) VALUES (151, '6371014911000005', 'Novy Suprapti', 'Tenaga Bantuan Keamanan Polisi Pamong Praja', 43, '-', '2022-07-28 04:41:45', '2022-07-29 02:12:15');
INSERT INTO `pegawai` (`id`, `nik`, `nama`, `jabatan`, `user_id`, `telp`, `created_at`, `updated_at`) VALUES (152, '6371011005820024', 'Nur Aini', 'Tenaga Bantuan Keamanan Polisi Pamong Praja', NULL, '-', '2022-07-28 04:42:09', '2022-07-28 04:42:09');
INSERT INTO `pegawai` (`id`, `nik`, `nama`, `jabatan`, `user_id`, `telp`, `created_at`, `updated_at`) VALUES (153, '6371041302880004', 'Nur Ifansyah, S.H', 'Tenaga Bantuan Keamanan Polisi Pamong Praja', NULL, '-', '2022-07-28 04:42:39', '2022-07-28 04:42:39');
INSERT INTO `pegawai` (`id`, `nik`, `nama`, `jabatan`, `user_id`, `telp`, `created_at`, `updated_at`) VALUES (154, '6371045306010007', 'Nur Laila', 'Tenaga Bantuan Keamanan Polisi Pamong Praja', NULL, '-', '2022-07-28 04:43:00', '2022-07-28 04:43:00');
INSERT INTO `pegawai` (`id`, `nik`, `nama`, `jabatan`, `user_id`, `telp`, `created_at`, `updated_at`) VALUES (155, '6371030811810007', 'Pahrul Razi', 'Tenaga Bantuan Keamanan Polisi Pamong Praja', NULL, '-', '2022-07-28 04:43:26', '2022-07-28 04:43:26');
INSERT INTO `pegawai` (`id`, `nik`, `nama`, `jabatan`, `user_id`, `telp`, `created_at`, `updated_at`) VALUES (156, '6371041403920002', 'Prastyanor, S.H', 'Tenaga Bantuan Keamanan Polisi Pamong Praja', NULL, '-', '2022-07-28 04:43:59', '2022-07-28 04:43:59');
INSERT INTO `pegawai` (`id`, `nik`, `nama`, `jabatan`, `user_id`, `telp`, `created_at`, `updated_at`) VALUES (157, '6371040101970010', 'Prayogo Pangestu', 'Tenaga Bantuan Keamanan Polisi Pamong Praja', 37, '-', '2022-07-28 04:44:38', '2022-07-29 01:40:52');
INSERT INTO `pegawai` (`id`, `nik`, `nama`, `jabatan`, `user_id`, `telp`, `created_at`, `updated_at`) VALUES (158, '6372060201890001', 'Purwanto', 'Tenaga Bantuan Keamanan Polisi Pamong Praja', 35, '-', '2022-07-28 04:45:14', '2022-07-29 01:40:37');
INSERT INTO `pegawai` (`id`, `nik`, `nama`, `jabatan`, `user_id`, `telp`, `created_at`, `updated_at`) VALUES (159, '6371035001940007', 'Puspa Dinah', 'Tenaga Bantuan Keamanan Polisi Pamong Praja', NULL, '-', '2022-07-28 04:45:43', '2022-07-28 04:45:43');
INSERT INTO `pegawai` (`id`, `nik`, `nama`, `jabatan`, `user_id`, `telp`, `created_at`, `updated_at`) VALUES (160, '6371021907850012', 'Rachmadaniansyah', 'Tenaga Bantuan Keamanan Polisi Pamong Praja', NULL, '-', '2022-07-28 04:47:46', '2022-07-28 04:47:46');
INSERT INTO `pegawai` (`id`, `nik`, `nama`, `jabatan`, `user_id`, `telp`, `created_at`, `updated_at`) VALUES (161, '6371031703940007', 'Rahmat Hidayat', 'Tenaga Bantuan Keamanan Polisi Pamong Praja', NULL, '-', '2022-07-28 04:48:15', '2022-07-28 04:48:15');
INSERT INTO `pegawai` (`id`, `nik`, `nama`, `jabatan`, `user_id`, `telp`, `created_at`, `updated_at`) VALUES (162, '6371050103860010', 'Rahmat Hidayat', 'Tenaga Bantuan Keamanan Polisi Pamong Praja', NULL, '-', '2022-07-28 04:48:35', '2022-07-28 04:48:35');
INSERT INTO `pegawai` (`id`, `nik`, `nama`, `jabatan`, `user_id`, `telp`, `created_at`, `updated_at`) VALUES (163, '6371013107980005', 'Rahmat Hidayat', 'Tenaga Bantuan Keamanan Polisi Pamong Praja', NULL, '-', '2022-07-28 04:48:53', '2022-07-28 04:48:53');
INSERT INTO `pegawai` (`id`, `nik`, `nama`, `jabatan`, `user_id`, `telp`, `created_at`, `updated_at`) VALUES (164, '6371022202930009', 'Ramadhani', 'Tenaga Bantuan Keamanan Polisi Pamong Praja', NULL, '-', '2022-07-28 04:49:17', '2022-07-28 04:49:17');
INSERT INTO `pegawai` (`id`, `nik`, `nama`, `jabatan`, `user_id`, `telp`, `created_at`, `updated_at`) VALUES (165, '6301031112940007', 'Rangga Pati Permadhi', 'Tenaga Bantuan Keamanan Polisi Pamong Praja', NULL, '-', '2022-07-28 04:49:43', '2022-07-28 04:49:43');
INSERT INTO `pegawai` (`id`, `nik`, `nama`, `jabatan`, `user_id`, `telp`, `created_at`, `updated_at`) VALUES (166, '6371025001970006', 'Rayhana', 'Tenaga Bantuan Keamanan Polisi Pamong Praja', NULL, '-', '2022-07-28 04:50:05', '2022-07-28 04:50:05');
INSERT INTO `pegawai` (`id`, `nik`, `nama`, `jabatan`, `user_id`, `telp`, `created_at`, `updated_at`) VALUES (167, '6371032906020011', 'Renaldi Ansari', 'Tenaga Bantuan Keamanan Polisi Pamong Praja', NULL, '-', '2022-07-28 04:50:27', '2022-07-28 04:50:27');
INSERT INTO `pegawai` (`id`, `nik`, `nama`, `jabatan`, `user_id`, `telp`, `created_at`, `updated_at`) VALUES (168, '6371030712890004', 'Reonaldi, A.Md', 'Tenaga Bantuan Keamanan Polisi Pamong Praja', NULL, '-', '2022-07-28 04:50:53', '2022-07-28 04:50:53');
INSERT INTO `pegawai` (`id`, `nik`, `nama`, `jabatan`, `user_id`, `telp`, `created_at`, `updated_at`) VALUES (169, '6371012008970008', 'Rifky Firdaus', 'Tenaga Bantuan Keamanan Polisi Pamong Praja', NULL, '-', '2022-07-28 04:51:22', '2022-07-28 04:51:22');
INSERT INTO `pegawai` (`id`, `nik`, `nama`, `jabatan`, `user_id`, `telp`, `created_at`, `updated_at`) VALUES (170, '165', 'Rika Margaretta', 'Tenaga Bantuan Keamanan Polisi Pamong Praja', NULL, '-', '2022-07-28 04:52:19', '2022-07-28 04:52:19');
INSERT INTO `pegawai` (`id`, `nik`, `nama`, `jabatan`, `user_id`, `telp`, `created_at`, `updated_at`) VALUES (171, '166', 'Rina Apriani, S.Kom', 'Tenaga Bantuan Keamanan Polisi Pamong Praja', NULL, '-', '2022-07-28 04:52:35', '2022-07-28 04:52:35');
INSERT INTO `pegawai` (`id`, `nik`, `nama`, `jabatan`, `user_id`, `telp`, `created_at`, `updated_at`) VALUES (172, '6371022411960011', 'Rizky Bardani', 'Tenaga Bantuan Keamanan Polisi Pamong Praja', NULL, '-', '2022-07-28 04:52:55', '2022-07-28 04:52:55');
INSERT INTO `pegawai` (`id`, `nik`, `nama`, `jabatan`, `user_id`, `telp`, `created_at`, `updated_at`) VALUES (173, '6371032808990010', 'Rizky Haikal Putra', 'Tenaga Bantuan Keamanan Polisi Pamong Praja', NULL, '-', '2022-07-28 04:53:29', '2022-07-28 04:53:29');
INSERT INTO `pegawai` (`id`, `nik`, `nama`, `jabatan`, `user_id`, `telp`, `created_at`, `updated_at`) VALUES (174, '6371020403940004', 'Roby Ramadhani, S.T', 'Tenaga Bantuan Keamanan Polisi Pamong Praja', NULL, '-', '2022-07-28 04:54:01', '2022-07-28 04:54:01');
INSERT INTO `pegawai` (`id`, `nik`, `nama`, `jabatan`, `user_id`, `telp`, `created_at`, `updated_at`) VALUES (175, '6371042602860003', 'Ronny Saputra', 'Tenaga Bantuan Keamanan Polisi Pamong Praja', NULL, '-', '2022-07-28 04:54:26', '2022-07-28 04:54:26');
INSERT INTO `pegawai` (`id`, `nik`, `nama`, `jabatan`, `user_id`, `telp`, `created_at`, `updated_at`) VALUES (176, '6371050508940007', 'Roy Setiawan, S.Kom', 'Tenaga Bantuan Keamanan Polisi Pamong Praja', NULL, '-', '2022-07-28 04:54:53', '2022-07-28 04:54:53');
INSERT INTO `pegawai` (`id`, `nik`, `nama`, `jabatan`, `user_id`, `telp`, `created_at`, `updated_at`) VALUES (177, '6371031805980004', 'Rudi Noorakbar', 'Tenaga Bantuan Keamanan Polisi Pamong Praja', NULL, '-', '2022-07-28 04:55:28', '2022-07-28 04:55:28');
INSERT INTO `pegawai` (`id`, `nik`, `nama`, `jabatan`, `user_id`, `telp`, `created_at`, `updated_at`) VALUES (178, '6371022505730008', 'Rudy Army', 'Tenaga Bantuan Keamanan Polisi Pamong Praja', NULL, '-', '2022-07-28 04:55:53', '2022-07-28 04:55:53');
INSERT INTO `pegawai` (`id`, `nik`, `nama`, `jabatan`, `user_id`, `telp`, `created_at`, `updated_at`) VALUES (179, '6371012001970014', 'Ryan Ramadhan', 'Tenaga Bantuan Keamanan Polisi Pamong Praja', NULL, '-', '2022-07-28 04:56:17', '2022-07-28 04:56:17');
INSERT INTO `pegawai` (`id`, `nik`, `nama`, `jabatan`, `user_id`, `telp`, `created_at`, `updated_at`) VALUES (180, '6303162510800003', 'Safuani', 'Tenaga Bantuan Keamanan Polisi Pamong Praja', NULL, '-', '2022-07-28 04:56:42', '2022-07-28 04:56:42');
INSERT INTO `pegawai` (`id`, `nik`, `nama`, `jabatan`, `user_id`, `telp`, `created_at`, `updated_at`) VALUES (181, '6371034802970006', 'Sagita Ramadhana', 'Tenaga Bantuan Keamanan Polisi Pamong Praja', NULL, '-', '2022-07-28 04:57:10', '2022-07-28 04:57:10');
INSERT INTO `pegawai` (`id`, `nik`, `nama`, `jabatan`, `user_id`, `telp`, `created_at`, `updated_at`) VALUES (182, '6371023112910017', 'Sailan', 'Tenaga Bantuan Keamanan Polisi Pamong Praja', NULL, '-', '2022-07-28 04:57:31', '2022-07-28 04:57:31');
INSERT INTO `pegawai` (`id`, `nik`, `nama`, `jabatan`, `user_id`, `telp`, `created_at`, `updated_at`) VALUES (183, '6371041506780008', 'Sainuddin', 'Tenaga Bantuan Keamanan Polisi Pamong Praja', NULL, '-', '2022-07-28 04:57:58', '2022-07-28 04:57:58');
INSERT INTO `pegawai` (`id`, `nik`, `nama`, `jabatan`, `user_id`, `telp`, `created_at`, `updated_at`) VALUES (184, '6371051909810005', 'Samsi', 'Tenaga Bantuan Keamanan Polisi Pamong Praja', NULL, '-', '2022-07-28 04:58:18', '2022-07-28 04:58:18');
INSERT INTO `pegawai` (`id`, `nik`, `nama`, `jabatan`, `user_id`, `telp`, `created_at`, `updated_at`) VALUES (185, '6303041210750013', 'Sarlin Sarlian', 'Tenaga Bantuan Keamanan Polisi Pamong Praja', NULL, '-', '2022-07-28 04:58:42', '2022-07-28 04:58:42');
INSERT INTO `pegawai` (`id`, `nik`, `nama`, `jabatan`, `user_id`, `telp`, `created_at`, `updated_at`) VALUES (186, '6371010505900014', 'Satria Budiman', 'Tenaga Bantuan Keamanan Polisi Pamong Praja', NULL, '-', '2022-07-28 04:59:17', '2022-07-28 04:59:17');
INSERT INTO `pegawai` (`id`, `nik`, `nama`, `jabatan`, `user_id`, `telp`, `created_at`, `updated_at`) VALUES (187, '6302065205980003', 'Sherina', 'Tenaga Bantuan Keamanan Polisi Pamong Praja', NULL, '-', '2022-07-28 04:59:43', '2022-07-28 04:59:43');
INSERT INTO `pegawai` (`id`, `nik`, `nama`, `jabatan`, `user_id`, `telp`, `created_at`, `updated_at`) VALUES (188, '6371021503930005', 'Subekan', 'Tenaga Bantuan Keamanan Polisi Pamong Praja', NULL, '-', '2022-07-28 05:00:06', '2022-07-28 05:00:06');
INSERT INTO `pegawai` (`id`, `nik`, `nama`, `jabatan`, `user_id`, `telp`, `created_at`, `updated_at`) VALUES (189, '6371030504850009', 'Sufian Noor, S.H', 'Tenaga Bantuan Keamanan Polisi Pamong Praja', NULL, '-', '2022-07-28 05:00:26', '2022-07-28 05:00:26');
INSERT INTO `pegawai` (`id`, `nik`, `nama`, `jabatan`, `user_id`, `telp`, `created_at`, `updated_at`) VALUES (190, '6303030412890000', 'Suryanur', 'Tenaga Bantuan Keamanan Polisi Pamong Praja', NULL, '-', '2022-07-28 05:00:47', '2022-07-28 05:00:47');
INSERT INTO `pegawai` (`id`, `nik`, `nama`, `jabatan`, `user_id`, `telp`, `created_at`, `updated_at`) VALUES (191, '6371021812750004', 'Syahruddin', 'Tenaga Bantuan Keamanan Polisi Pamong Praja', NULL, '-', '2022-07-28 05:01:13', '2022-07-28 05:01:13');
INSERT INTO `pegawai` (`id`, `nik`, `nama`, `jabatan`, `user_id`, `telp`, `created_at`, `updated_at`) VALUES (192, '6371041301810005', 'Syaiful Bahri', 'Tenaga Bantuan Keamanan Polisi Pamong Praja', NULL, '-', '2022-07-28 05:01:41', '2022-07-28 05:01:41');
INSERT INTO `pegawai` (`id`, `nik`, `nama`, `jabatan`, `user_id`, `telp`, `created_at`, `updated_at`) VALUES (193, '6371021911960007', 'Syech M. Rifaie', 'Tenaga Bantuan Keamanan Polisi Pamong Praja', NULL, '-', '2022-07-28 05:02:05', '2022-07-28 05:02:05');
INSERT INTO `pegawai` (`id`, `nik`, `nama`, `jabatan`, `user_id`, `telp`, `created_at`, `updated_at`) VALUES (194, '6303040805800008', 'Taufik Rahman', 'Tenaga Bantuan Keamanan Polisi Pamong Praja', 39, '-', '2022-07-28 05:02:42', '2022-07-29 01:41:11');
INSERT INTO `pegawai` (`id`, `nik`, `nama`, `jabatan`, `user_id`, `telp`, `created_at`, `updated_at`) VALUES (195, '6371020802880010', 'Taufikurrahman', 'Tenaga Bantuan Keamanan Polisi Pamong Praja', NULL, '-', '2022-07-28 05:03:12', '2022-07-28 05:03:12');
INSERT INTO `pegawai` (`id`, `nik`, `nama`, `jabatan`, `user_id`, `telp`, `created_at`, `updated_at`) VALUES (196, '6371041602960003', 'Wahyu Utama', 'Tenaga Bantuan Keamanan Polisi Pamong Praja', NULL, '-', '2022-07-28 05:03:39', '2022-07-28 05:03:39');
INSERT INTO `pegawai` (`id`, `nik`, `nama`, `jabatan`, `user_id`, `telp`, `created_at`, `updated_at`) VALUES (197, '6371020306820003', 'Wahyuni', 'Tenaga Bantuan Keamanan Polisi Pamong Praja', NULL, '-', '2022-07-28 05:03:59', '2022-07-28 05:03:59');
INSERT INTO `pegawai` (`id`, `nik`, `nama`, `jabatan`, `user_id`, `telp`, `created_at`, `updated_at`) VALUES (198, '6371012005840011', 'Yahya', 'Tenaga Bantuan Keamanan Polisi Pamong Praja', NULL, '-', '2022-07-28 05:04:20', '2022-07-28 05:04:20');
INSERT INTO `pegawai` (`id`, `nik`, `nama`, `jabatan`, `user_id`, `telp`, `created_at`, `updated_at`) VALUES (199, '6371014805960001', 'Yuli', 'Tenaga Bantuan Keamanan Polisi Pamong Praja', NULL, '-', '2022-07-28 05:04:39', '2022-07-28 05:04:39');
INSERT INTO `pegawai` (`id`, `nik`, `nama`, `jabatan`, `user_id`, `telp`, `created_at`, `updated_at`) VALUES (200, '6371040903850002', 'Zainuddin, S.Pd', 'Tenaga Bantuan Keamanan Polisi Pamong Praja', NULL, '-', '2022-07-28 05:05:07', '2022-07-28 05:05:07');
INSERT INTO `pegawai` (`id`, `nik`, `nama`, `jabatan`, `user_id`, `telp`, `created_at`, `updated_at`) VALUES (201, '6371024507960011', 'Zikria Amalia', 'Tenaga Bantuan Keamanan Polisi Pamong Praja', NULL, '-', '2022-07-28 05:05:51', '2022-07-28 05:05:51');
INSERT INTO `pegawai` (`id`, `nik`, `nama`, `jabatan`, `user_id`, `telp`, `created_at`, `updated_at`) VALUES (202, '6371032407840004', 'Zulrivai Saputra', 'Tenaga Bantuan Keamanan Polisi Pamong Praja', 139, '-', '2022-07-28 05:06:13', '2023-06-09 03:49:45');
INSERT INTO `pegawai` (`id`, `nik`, `nama`, `jabatan`, `user_id`, `telp`, `created_at`, `updated_at`) VALUES (203, '198412272012121002', 'H. Ady Nasrullah Hasby', 'Danru OBVIT', 46, '081357801284', '2022-07-29 06:00:02', '2022-07-29 06:00:06');
INSERT INTO `pegawai` (`id`, `nik`, `nama`, `jabatan`, `user_id`, `telp`, `created_at`, `updated_at`) VALUES (204, '197810102007011019', 'Abdu Salam', 'Danton VI', 47, '-', '2022-07-29 06:04:46', '2022-07-29 06:04:49');
INSERT INTO `pegawai` (`id`, `nik`, `nama`, `jabatan`, `user_id`, `telp`, `created_at`, `updated_at`) VALUES (205, '197805102007011018', 'Wagimin', 'Danton V', 80, '081349339879', '2022-08-04 01:37:41', '2022-08-04 01:37:45');
INSERT INTO `pegawai` (`id`, `nik`, `nama`, `jabatan`, `user_id`, `telp`, `created_at`, `updated_at`) VALUES (206, '197310022006041012', 'Anang Rahmatnor', 'Danru 13', 81, '081348487999', '2022-08-04 01:42:11', '2022-08-04 01:42:14');
INSERT INTO `pegawai` (`id`, `nik`, `nama`, `jabatan`, `user_id`, `telp`, `created_at`, `updated_at`) VALUES (207, '197807062007011018', 'Syamsul Fata', 'Danru 15', NULL, '085100349876', '2022-08-04 01:46:27', '2022-08-04 01:46:27');
COMMIT;

-- ----------------------------
-- Table structure for role_users
-- ----------------------------
DROP TABLE IF EXISTS `role_users`;
CREATE TABLE `role_users` (
  `user_id` bigint(20) unsigned NOT NULL,
  `role_id` bigint(20) unsigned NOT NULL,
  UNIQUE KEY `role_users_user_id_role_id_unique` (`user_id`,`role_id`) USING BTREE,
  KEY `role_users_role_id_foreign` (`role_id`) USING BTREE,
  CONSTRAINT `role_users_ibfk_1` FOREIGN KEY (`role_id`) REFERENCES `roles` (`id`) ON DELETE CASCADE ON UPDATE CASCADE,
  CONSTRAINT `role_users_ibfk_2` FOREIGN KEY (`user_id`) REFERENCES `users` (`id`) ON DELETE CASCADE ON UPDATE CASCADE
) ENGINE=InnoDB DEFAULT CHARSET=utf8mb4 ROW_FORMAT=DYNAMIC;

-- ----------------------------
-- Records of role_users
-- ----------------------------
BEGIN;
INSERT INTO `role_users` (`user_id`, `role_id`) VALUES (1, 1);
INSERT INTO `role_users` (`user_id`, `role_id`) VALUES (2, 2);
INSERT INTO `role_users` (`user_id`, `role_id`) VALUES (5, 2);
INSERT INTO `role_users` (`user_id`, `role_id`) VALUES (6, 2);
INSERT INTO `role_users` (`user_id`, `role_id`) VALUES (7, 2);
INSERT INTO `role_users` (`user_id`, `role_id`) VALUES (31, 2);
INSERT INTO `role_users` (`user_id`, `role_id`) VALUES (32, 2);
INSERT INTO `role_users` (`user_id`, `role_id`) VALUES (33, 2);
INSERT INTO `role_users` (`user_id`, `role_id`) VALUES (35, 2);
INSERT INTO `role_users` (`user_id`, `role_id`) VALUES (36, 2);
INSERT INTO `role_users` (`user_id`, `role_id`) VALUES (37, 2);
INSERT INTO `role_users` (`user_id`, `role_id`) VALUES (38, 2);
INSERT INTO `role_users` (`user_id`, `role_id`) VALUES (39, 2);
INSERT INTO `role_users` (`user_id`, `role_id`) VALUES (40, 2);
INSERT INTO `role_users` (`user_id`, `role_id`) VALUES (41, 2);
INSERT INTO `role_users` (`user_id`, `role_id`) VALUES (42, 2);
INSERT INTO `role_users` (`user_id`, `role_id`) VALUES (43, 2);
INSERT INTO `role_users` (`user_id`, `role_id`) VALUES (46, 2);
INSERT INTO `role_users` (`user_id`, `role_id`) VALUES (47, 2);
INSERT INTO `role_users` (`user_id`, `role_id`) VALUES (80, 2);
INSERT INTO `role_users` (`user_id`, `role_id`) VALUES (81, 2);
INSERT INTO `role_users` (`user_id`, `role_id`) VALUES (139, 2);
INSERT INTO `role_users` (`user_id`, `role_id`) VALUES (3, 3);
INSERT INTO `role_users` (`user_id`, `role_id`) VALUES (4, 3);
INSERT INTO `role_users` (`user_id`, `role_id`) VALUES (8, 3);
INSERT INTO `role_users` (`user_id`, `role_id`) VALUES (9, 3);
INSERT INTO `role_users` (`user_id`, `role_id`) VALUES (10, 3);
INSERT INTO `role_users` (`user_id`, `role_id`) VALUES (11, 3);
INSERT INTO `role_users` (`user_id`, `role_id`) VALUES (12, 3);
INSERT INTO `role_users` (`user_id`, `role_id`) VALUES (13, 3);
INSERT INTO `role_users` (`user_id`, `role_id`) VALUES (14, 3);
INSERT INTO `role_users` (`user_id`, `role_id`) VALUES (15, 3);
INSERT INTO `role_users` (`user_id`, `role_id`) VALUES (19, 3);
INSERT INTO `role_users` (`user_id`, `role_id`) VALUES (20, 3);
INSERT INTO `role_users` (`user_id`, `role_id`) VALUES (21, 3);
INSERT INTO `role_users` (`user_id`, `role_id`) VALUES (22, 3);
INSERT INTO `role_users` (`user_id`, `role_id`) VALUES (23, 3);
INSERT INTO `role_users` (`user_id`, `role_id`) VALUES (24, 3);
INSERT INTO `role_users` (`user_id`, `role_id`) VALUES (25, 3);
INSERT INTO `role_users` (`user_id`, `role_id`) VALUES (27, 3);
INSERT INTO `role_users` (`user_id`, `role_id`) VALUES (28, 3);
INSERT INTO `role_users` (`user_id`, `role_id`) VALUES (29, 3);
INSERT INTO `role_users` (`user_id`, `role_id`) VALUES (30, 3);
INSERT INTO `role_users` (`user_id`, `role_id`) VALUES (34, 3);
INSERT INTO `role_users` (`user_id`, `role_id`) VALUES (44, 3);
INSERT INTO `role_users` (`user_id`, `role_id`) VALUES (45, 3);
INSERT INTO `role_users` (`user_id`, `role_id`) VALUES (49, 3);
INSERT INTO `role_users` (`user_id`, `role_id`) VALUES (50, 3);
INSERT INTO `role_users` (`user_id`, `role_id`) VALUES (53, 3);
INSERT INTO `role_users` (`user_id`, `role_id`) VALUES (54, 3);
INSERT INTO `role_users` (`user_id`, `role_id`) VALUES (56, 3);
INSERT INTO `role_users` (`user_id`, `role_id`) VALUES (57, 3);
INSERT INTO `role_users` (`user_id`, `role_id`) VALUES (58, 3);
INSERT INTO `role_users` (`user_id`, `role_id`) VALUES (59, 3);
INSERT INTO `role_users` (`user_id`, `role_id`) VALUES (60, 3);
INSERT INTO `role_users` (`user_id`, `role_id`) VALUES (61, 3);
INSERT INTO `role_users` (`user_id`, `role_id`) VALUES (62, 3);
INSERT INTO `role_users` (`user_id`, `role_id`) VALUES (63, 3);
INSERT INTO `role_users` (`user_id`, `role_id`) VALUES (64, 3);
INSERT INTO `role_users` (`user_id`, `role_id`) VALUES (68, 3);
INSERT INTO `role_users` (`user_id`, `role_id`) VALUES (70, 3);
INSERT INTO `role_users` (`user_id`, `role_id`) VALUES (71, 3);
INSERT INTO `role_users` (`user_id`, `role_id`) VALUES (72, 3);
INSERT INTO `role_users` (`user_id`, `role_id`) VALUES (73, 3);
INSERT INTO `role_users` (`user_id`, `role_id`) VALUES (77, 3);
INSERT INTO `role_users` (`user_id`, `role_id`) VALUES (78, 3);
INSERT INTO `role_users` (`user_id`, `role_id`) VALUES (79, 3);
INSERT INTO `role_users` (`user_id`, `role_id`) VALUES (82, 3);
INSERT INTO `role_users` (`user_id`, `role_id`) VALUES (83, 3);
INSERT INTO `role_users` (`user_id`, `role_id`) VALUES (84, 3);
INSERT INTO `role_users` (`user_id`, `role_id`) VALUES (85, 3);
INSERT INTO `role_users` (`user_id`, `role_id`) VALUES (86, 3);
INSERT INTO `role_users` (`user_id`, `role_id`) VALUES (87, 3);
INSERT INTO `role_users` (`user_id`, `role_id`) VALUES (88, 3);
INSERT INTO `role_users` (`user_id`, `role_id`) VALUES (89, 3);
INSERT INTO `role_users` (`user_id`, `role_id`) VALUES (90, 3);
INSERT INTO `role_users` (`user_id`, `role_id`) VALUES (91, 3);
INSERT INTO `role_users` (`user_id`, `role_id`) VALUES (92, 3);
INSERT INTO `role_users` (`user_id`, `role_id`) VALUES (93, 3);
INSERT INTO `role_users` (`user_id`, `role_id`) VALUES (94, 3);
INSERT INTO `role_users` (`user_id`, `role_id`) VALUES (95, 3);
INSERT INTO `role_users` (`user_id`, `role_id`) VALUES (96, 3);
INSERT INTO `role_users` (`user_id`, `role_id`) VALUES (97, 3);
INSERT INTO `role_users` (`user_id`, `role_id`) VALUES (98, 3);
INSERT INTO `role_users` (`user_id`, `role_id`) VALUES (99, 3);
INSERT INTO `role_users` (`user_id`, `role_id`) VALUES (100, 3);
INSERT INTO `role_users` (`user_id`, `role_id`) VALUES (101, 3);
INSERT INTO `role_users` (`user_id`, `role_id`) VALUES (102, 3);
INSERT INTO `role_users` (`user_id`, `role_id`) VALUES (103, 3);
INSERT INTO `role_users` (`user_id`, `role_id`) VALUES (104, 3);
INSERT INTO `role_users` (`user_id`, `role_id`) VALUES (107, 3);
INSERT INTO `role_users` (`user_id`, `role_id`) VALUES (108, 3);
INSERT INTO `role_users` (`user_id`, `role_id`) VALUES (109, 3);
INSERT INTO `role_users` (`user_id`, `role_id`) VALUES (110, 3);
INSERT INTO `role_users` (`user_id`, `role_id`) VALUES (111, 3);
INSERT INTO `role_users` (`user_id`, `role_id`) VALUES (112, 3);
INSERT INTO `role_users` (`user_id`, `role_id`) VALUES (113, 3);
INSERT INTO `role_users` (`user_id`, `role_id`) VALUES (114, 3);
INSERT INTO `role_users` (`user_id`, `role_id`) VALUES (115, 3);
INSERT INTO `role_users` (`user_id`, `role_id`) VALUES (116, 3);
INSERT INTO `role_users` (`user_id`, `role_id`) VALUES (117, 3);
INSERT INTO `role_users` (`user_id`, `role_id`) VALUES (118, 3);
INSERT INTO `role_users` (`user_id`, `role_id`) VALUES (119, 3);
INSERT INTO `role_users` (`user_id`, `role_id`) VALUES (120, 3);
INSERT INTO `role_users` (`user_id`, `role_id`) VALUES (121, 3);
INSERT INTO `role_users` (`user_id`, `role_id`) VALUES (122, 3);
INSERT INTO `role_users` (`user_id`, `role_id`) VALUES (123, 3);
INSERT INTO `role_users` (`user_id`, `role_id`) VALUES (124, 3);
INSERT INTO `role_users` (`user_id`, `role_id`) VALUES (125, 3);
INSERT INTO `role_users` (`user_id`, `role_id`) VALUES (126, 3);
INSERT INTO `role_users` (`user_id`, `role_id`) VALUES (127, 3);
INSERT INTO `role_users` (`user_id`, `role_id`) VALUES (128, 3);
INSERT INTO `role_users` (`user_id`, `role_id`) VALUES (129, 3);
INSERT INTO `role_users` (`user_id`, `role_id`) VALUES (130, 3);
INSERT INTO `role_users` (`user_id`, `role_id`) VALUES (131, 3);
INSERT INTO `role_users` (`user_id`, `role_id`) VALUES (132, 3);
INSERT INTO `role_users` (`user_id`, `role_id`) VALUES (133, 3);
INSERT INTO `role_users` (`user_id`, `role_id`) VALUES (134, 3);
INSERT INTO `role_users` (`user_id`, `role_id`) VALUES (135, 3);
INSERT INTO `role_users` (`user_id`, `role_id`) VALUES (136, 3);
INSERT INTO `role_users` (`user_id`, `role_id`) VALUES (137, 3);
INSERT INTO `role_users` (`user_id`, `role_id`) VALUES (138, 3);
INSERT INTO `role_users` (`user_id`, `role_id`) VALUES (140, 3);
INSERT INTO `role_users` (`user_id`, `role_id`) VALUES (141, 3);
INSERT INTO `role_users` (`user_id`, `role_id`) VALUES (142, 3);
INSERT INTO `role_users` (`user_id`, `role_id`) VALUES (143, 3);
INSERT INTO `role_users` (`user_id`, `role_id`) VALUES (144, 3);
INSERT INTO `role_users` (`user_id`, `role_id`) VALUES (145, 3);
INSERT INTO `role_users` (`user_id`, `role_id`) VALUES (146, 3);
INSERT INTO `role_users` (`user_id`, `role_id`) VALUES (147, 3);
INSERT INTO `role_users` (`user_id`, `role_id`) VALUES (148, 3);
INSERT INTO `role_users` (`user_id`, `role_id`) VALUES (149, 3);
INSERT INTO `role_users` (`user_id`, `role_id`) VALUES (150, 3);
INSERT INTO `role_users` (`user_id`, `role_id`) VALUES (151, 3);
COMMIT;

-- ----------------------------
-- Table structure for roles
-- ----------------------------
DROP TABLE IF EXISTS `roles`;
CREATE TABLE `roles` (
  `id` bigint(20) unsigned NOT NULL AUTO_INCREMENT,
  `name` varchar(50) NOT NULL,
  `created_at` timestamp NULL DEFAULT CURRENT_TIMESTAMP ON UPDATE CURRENT_TIMESTAMP,
  `updated_at` timestamp NULL DEFAULT CURRENT_TIMESTAMP ON UPDATE CURRENT_TIMESTAMP,
  PRIMARY KEY (`id`) USING BTREE
) ENGINE=InnoDB AUTO_INCREMENT=4 DEFAULT CHARSET=utf8mb4 ROW_FORMAT=DYNAMIC;

-- ----------------------------
-- Records of roles
-- ----------------------------
BEGIN;
INSERT INTO `roles` (`id`, `name`, `created_at`, `updated_at`) VALUES (1, 'superadmin', '2020-12-23 23:17:35', '2020-12-23 23:17:35');
INSERT INTO `roles` (`id`, `name`, `created_at`, `updated_at`) VALUES (2, 'pegawai', '2022-06-16 15:33:09', '2022-06-16 15:33:09');
INSERT INTO `roles` (`id`, `name`, `created_at`, `updated_at`) VALUES (3, 'masyarakat', '2022-06-16 15:33:21', '2022-06-16 15:33:21');
COMMIT;

-- ----------------------------
-- Table structure for slide
-- ----------------------------
DROP TABLE IF EXISTS `slide`;
CREATE TABLE `slide` (
  `id` int(11) unsigned NOT NULL AUTO_INCREMENT,
  `nama` varchar(255) DEFAULT NULL,
  `file` varchar(255) DEFAULT NULL,
  `created_at` timestamp NULL DEFAULT NULL,
  `updated_at` timestamp NULL DEFAULT NULL,
  PRIMARY KEY (`id`) USING BTREE
) ENGINE=InnoDB AUTO_INCREMENT=4 DEFAULT CHARSET=latin1 ROW_FORMAT=DYNAMIC;

-- ----------------------------
-- Records of slide
-- ----------------------------
BEGIN;
INSERT INTO `slide` (`id`, `nama`, `file`, `created_at`, `updated_at`) VALUES (1, 'slide 1', '19-07-2022-6469SatpolPP-Banjarmasin2022-01.jpg', NULL, '2022-07-19 01:26:11');
INSERT INTO `slide` (`id`, `nama`, `file`, `created_at`, `updated_at`) VALUES (2, 'slide 2', '19-07-2022-350WhatsApp Image 2022-07-14 at 6.31.29 PM.jpeg', NULL, '2022-07-19 01:26:18');
INSERT INTO `slide` (`id`, `nama`, `file`, `created_at`, `updated_at`) VALUES (3, 'slide 3', '19-07-2022-6228SatpolPP-Banjarmasin-Logo.png', NULL, '2022-07-19 01:26:32');
COMMIT;

-- ----------------------------
-- Table structure for users
-- ----------------------------
DROP TABLE IF EXISTS `users`;
CREATE TABLE `users` (
  `id` bigint(20) unsigned NOT NULL AUTO_INCREMENT,
  `name` varchar(255) NOT NULL,
  `email` varchar(255) DEFAULT NULL,
  `username` varchar(255) NOT NULL,
  `email_verified_at` timestamp NULL DEFAULT CURRENT_TIMESTAMP ON UPDATE CURRENT_TIMESTAMP,
  `password` varchar(255) NOT NULL,
  `remember_token` varchar(100) DEFAULT NULL,
  `created_at` timestamp NULL DEFAULT CURRENT_TIMESTAMP ON UPDATE CURRENT_TIMESTAMP,
  `updated_at` timestamp NULL DEFAULT CURRENT_TIMESTAMP ON UPDATE CURRENT_TIMESTAMP,
  `telp` varchar(255) DEFAULT NULL,
  PRIMARY KEY (`id`) USING BTREE,
  UNIQUE KEY `users_username_unique` (`username`) USING BTREE,
  UNIQUE KEY `users_email_unique` (`email`) USING BTREE
) ENGINE=InnoDB AUTO_INCREMENT=153 DEFAULT CHARSET=utf8mb4 ROW_FORMAT=DYNAMIC;

-- ----------------------------
-- Records of users
-- ----------------------------
BEGIN;
INSERT INTO `users` (`id`, `name`, `email`, `username`, `email_verified_at`, `password`, `remember_token`, `created_at`, `updated_at`, `telp`) VALUES (1, 'admin', NULL, 'admin', '2023-09-10 05:02:54', '$2y$10$gVDhVRV/bAJodvZO6f6FjOCvYuJ2rlffGDqbCzkwl.1rLmTTeFPW6', 'wPWOvkww6Rl0gh8Gvolf5TLET1hr3C2u4tszy0BWfPJ1pHIY1AUgJ1mjgKC5', '2023-09-10 05:02:54', '2023-09-10 05:02:54', NULL);
INSERT INTO `users` (`id`, `name`, `email`, `username`, `email_verified_at`, `password`, `remember_token`, `created_at`, `updated_at`, `telp`) VALUES (2, 'asrani', NULL, '123', '2022-07-20 09:25:14', '$2y$10$eOTDVDvci4dKFziA/yf3J.3RuiwgTNIicVFQRJ.5n/0vQOv3UkZMi', 'IrN3QGqGWPlfw9sph10BecfyxJcQ6EeOSnQIxQZnP64xVHxcgDDrBDinAi36', '2022-07-20 09:25:14', '2022-07-20 09:25:14', NULL);
INSERT INTO `users` (`id`, `name`, `email`, `username`, `email_verified_at`, `password`, `remember_token`, `created_at`, `updated_at`, `telp`) VALUES (3, 'asrani', 'asrani@gmail.com', 'asrani', '2022-06-16 21:28:09', '$2y$10$fgkbykx7M4KTL17.X45PMeF6dd35hxiylHRMOMy8eq7CTnHSeRDJK', '1E9JkgkS5a8M21if2CPxgnIZX4Sq2XjMYFSfkwueVVfsHBRL9hd9Xq72GVTI', '2022-06-16 21:28:09', '2022-06-16 21:28:09', '987654678');
INSERT INTO `users` (`id`, `name`, `email`, `username`, `email_verified_at`, `password`, `remember_token`, `created_at`, `updated_at`, `telp`) VALUES (4, 'udin', 'udin@gmail.lcom', 'udin', '2022-07-03 19:53:13', '$2y$10$SdKWZinAFHKkdd8mfEFp2ubZHEjWajSVCRxw6MfCxm/u0b9WPP7lO', 'HPZkOGqFWhuQVQCIQ8Hh4b6QigtIAPbet755DzjPMIxqRSfjLESbmiY0UZ2K', '2022-07-03 19:53:13', '2022-07-03 19:53:13', '098765434567');
INSERT INTO `users` (`id`, `name`, `email`, `username`, `email_verified_at`, `password`, `remember_token`, `created_at`, `updated_at`, `telp`) VALUES (5, 'Ahmad Muzaiyin, S. Sos, M.A', NULL, '197403281993111001', '2022-07-20 10:37:43', '$2y$10$u3vDbMjdOi/pjBly1TnxveCCZfRE4Epve5zU852WCqX1ex8Opb4y2', NULL, '2022-07-20 02:37:43', '2022-07-20 02:37:43', NULL);
INSERT INTO `users` (`id`, `name`, `email`, `username`, `email_verified_at`, `password`, `remember_token`, `created_at`, `updated_at`, `telp`) VALUES (6, 'Dany Matera Saputra, SSTP, M.Si', NULL, '198107242001121002', '2022-07-29 10:09:18', '$2y$10$Ypg3Y803.z9vV6yT7JJa.ubXfHkeFvfC11nSzsNHuSmZLbmR0el9u', 'hy4qkyF9n1584dEyxcCNxV9ClfcnAQB86pueAYZjMN6XvyZVvcRhK4FZQvcA', '2022-07-29 10:09:18', '2022-07-29 10:09:18', NULL);
INSERT INTO `users` (`id`, `name`, `email`, `username`, `email_verified_at`, `password`, `remember_token`, `created_at`, `updated_at`, `telp`) VALUES (7, 'Noor Fahmi Arif Ridha, S.STP', NULL, '198711152006021001', '2022-09-11 21:51:47', '$2y$10$Pq.rC48OjZEFFBdMXqVly.xhScEtMu9kT..7.1fD0WVoXIJ5zGjpC', 'aGZoXkJ2jg2Dmni1INqjXzG6JotkwG4oUqSn4R9r2GaZ4Jla2vs6iTiLj1mS', '2022-09-11 21:51:47', '2022-09-11 21:51:47', NULL);
INSERT INTO `users` (`id`, `name`, `email`, `username`, `email_verified_at`, `password`, `remember_token`, `created_at`, `updated_at`, `telp`) VALUES (8, 'Akmal wirayudha', 'akmalwirayudha57230@gmail.com', 'Akmal', '2022-07-21 11:16:30', '$2y$10$wno7eRMwwthpVytknkkPg.x3D/FLg0RTN.T.BpUz3DbyyBUQr04UW', NULL, '2022-07-21 03:16:30', '2022-07-21 03:16:30', '089692618269');
INSERT INTO `users` (`id`, `name`, `email`, `username`, `email_verified_at`, `password`, `remember_token`, `created_at`, `updated_at`, `telp`) VALUES (9, 'Zainuddin', 'Zainuddin7844@gmail.com', 'Zai1985', '2023-10-14 01:08:22', '$2y$10$doDuvwpX5cGEh0cixOzJbeqVrgiKD7NVexkHWQUU1N/Az6bQItMMG', '1wipXYtPv4LxJa4iCWIRhtbG3Atx7FqL3xGke4TH8PBbUePB98TjNyqpNaZD', '2023-10-14 01:08:22', '2023-10-14 01:08:22', '085248985395');
INSERT INTO `users` (`id`, `name`, `email`, `username`, `email_verified_at`, `password`, `remember_token`, `created_at`, `updated_at`, `telp`) VALUES (10, 'Mutia Syaila A.', 'Syailamutia@gmail.com', 'mutiasyailaa', '2022-07-21 11:21:19', '$2y$10$Xk.iP.gJVaPbec6WmMQmR.hThLk9moMm21MCLtlvPT2BALCTgujMS', NULL, '2022-07-21 03:21:19', '2022-07-21 03:21:19', '089692170217');
INSERT INTO `users` (`id`, `name`, `email`, `username`, `email_verified_at`, `password`, `remember_token`, `created_at`, `updated_at`, `telp`) VALUES (11, 'Ahmad Khairji', 'Khairjiahmad1991@gmail.com', 'khairji', '2022-07-21 11:28:44', '$2y$10$FKQp2WI7DRDM/FL0V14o2uxocxsxQuq3N6Jgq1IcjrF/.qM60TGJ6', NULL, '2022-07-21 03:28:44', '2022-07-21 03:28:44', '085246704997');
INSERT INTO `users` (`id`, `name`, `email`, `username`, `email_verified_at`, `password`, `remember_token`, `created_at`, `updated_at`, `telp`) VALUES (12, 'Rahmat Hidayay', 'zygwilin@gmail.com', 'Rahmat_h', '2022-07-21 11:31:53', '$2y$10$aIskPECDSZAUchFYq29ZQuk99VDhNHC5vzzwNVLyNJitL3hIUJb0G', 'zVnZ5sOmqESDDFa5qElt31fv2TjeaIkC5hv6zMOeG2qz4MUb4NFdWuqkhod1', '2022-07-21 11:31:53', '2022-07-21 11:31:53', '081343008400');
INSERT INTO `users` (`id`, `name`, `email`, `username`, `email_verified_at`, `password`, `remember_token`, `created_at`, `updated_at`, `telp`) VALUES (13, 'Ryan Ramadhan', 'Bramastaryan579@gmail.com', 'Ryan00999', '2022-07-21 15:52:42', '$2y$10$Chm4HjoJaiszyA6SWJwTgepyBfj2k6FZjE0cQmNB9Rtdtd29nCOga', 'pw8NfGmBRUu9I6nAbgOBBcE7dXidcAoSUVMZCO2CkovXRNTQotaob1fmgeAf', '2022-07-21 15:52:42', '2022-07-21 15:52:42', '083123797830');
INSERT INTO `users` (`id`, `name`, `email`, `username`, `email_verified_at`, `password`, `remember_token`, `created_at`, `updated_at`, `telp`) VALUES (14, 'Prastyanor', 'Prastyanda12@gmail.com', 'Pras12', '2022-07-21 11:46:06', '$2y$10$cbJlrgPRqnzM2HAiPLwiu.6PfDJ8ZEjBSA/tgKdnzDi7Cch8jF4Z.', NULL, '2022-07-21 03:46:06', '2022-07-21 03:46:06', '089696043030');
INSERT INTO `users` (`id`, `name`, `email`, `username`, `email_verified_at`, `password`, `remember_token`, `created_at`, `updated_at`, `telp`) VALUES (15, 'Ramadhani', 'Dhani.copy@gmail.com', 'Dhani.praja', '2022-07-21 11:55:05', '$2y$10$J.7dj2icopU/uPcn1YOTG.JpVHovrHlEwnewdr2wYRrlogcMXu7rO', NULL, '2022-07-21 03:55:05', '2022-07-21 03:55:05', '081253920093');
INSERT INTO `users` (`id`, `name`, `email`, `username`, `email_verified_at`, `password`, `remember_token`, `created_at`, `updated_at`, `telp`) VALUES (19, 'Yahya', 'darungbalinga20@gmail.com', 'Balinga20', '2022-07-21 11:59:04', '$2y$10$5AzEJvAgYOPRPGWbhWxZmuyVyJlWIa/bxoO9Q6f8T39H6YEFx.8ga', NULL, '2022-07-21 03:59:04', '2022-07-21 03:59:04', '08875676684');
INSERT INTO `users` (`id`, `name`, `email`, `username`, `email_verified_at`, `password`, `remember_token`, `created_at`, `updated_at`, `telp`) VALUES (20, 'SYECH.M.RIFA\'IE', 'Rifaiealyamani@gmail.com', 'SYECH.M.RIFA\'IE', '2022-08-09 22:14:54', '$2y$10$30jNB7vYD0JvxnHT0vh86.uTcBpKteTyFkVCepyyEg1bHgkUeOwSi', 'XQDRZSn8NrqwFli510gY3AvzoKIQ7J2Zg3fcyH49Zyk4WiyLwd7i4Zl8j6kD', '2022-08-09 22:14:54', '2022-08-09 22:14:54', '085845503032');
INSERT INTO `users` (`id`, `name`, `email`, `username`, `email_verified_at`, `password`, `remember_token`, `created_at`, `updated_at`, `telp`) VALUES (21, 'Prayogo pangestu', 'Pangestu462@gmail.com', 'Restu', '2022-07-21 12:22:55', '$2y$10$HIlqxdBH7E1zVgUYrqfp1ewU8YqxhPZAfhoX1OyAR2olfS08bhUTW', NULL, '2022-07-21 04:22:55', '2022-07-21 04:22:55', '082151304926');
INSERT INTO `users` (`id`, `name`, `email`, `username`, `email_verified_at`, `password`, `remember_token`, `created_at`, `updated_at`, `telp`) VALUES (22, 'Masruddin', 'Soklynmasruddin@gmail.com', '196910282012121001', '2022-09-30 12:21:44', '$2y$10$dm.SxrtX3Ehg1SEDaEhc/ujr5ukFvW0oA1UDlwLLv.Inlvs3zZxKO', 'U1kC38BWJe3zYKHTTEIKdafqGAkavxe8CqLqlZsp6zwlEqIOZQQv3i0kUxQN', '2022-09-30 12:21:44', '2022-09-30 12:21:44', '082150843117');
INSERT INTO `users` (`id`, `name`, `email`, `username`, `email_verified_at`, `password`, `remember_token`, `created_at`, `updated_at`, `telp`) VALUES (23, 'Bhakti Setya Putra', 'bhaktisetyaputra12@gmail.com', 'Bhakti', '2022-08-06 18:20:14', '$2y$10$HHbG9MfpQvDrLi38gK4poer5rMVVOdIsxu29bnnRzPOG5qUIbQa/i', 'gPZFUGZZ4uPMbxggNhz4CaRahVBMsPTPJ7OxsOP38wx08zz7stiFFFSMb1HF', '2022-08-06 18:20:14', '2022-08-06 18:20:14', '089692723348');
INSERT INTO `users` (`id`, `name`, `email`, `username`, `email_verified_at`, `password`, `remember_token`, `created_at`, `updated_at`, `telp`) VALUES (24, 'Supiani', 'supianibjm96@gmail.com', 'Usup', '2022-07-22 09:53:48', '$2y$10$jMqsVp4ZiYyChRIDNv9aweK5vJ2LsppD24HIN88MqnP17woC5K9Aq', NULL, '2022-07-22 01:53:48', '2022-07-22 01:53:48', '082253155755');
INSERT INTO `users` (`id`, `name`, `email`, `username`, `email_verified_at`, `password`, `remember_token`, `created_at`, `updated_at`, `telp`) VALUES (25, 'NURRAHMAN', 'rahmansarpolpp65@gmail.com', 'Rh4mn', '2022-07-22 09:57:37', '$2y$10$yGC1O/YqDDBuJtUfN032JuXdIxG3TP.Tbc5JuSY4FrXiS0Ij6rL/6', NULL, '2022-07-22 01:57:37', '2022-07-22 01:57:37', '083849477317');
INSERT INTO `users` (`id`, `name`, `email`, `username`, `email_verified_at`, `password`, `remember_token`, `created_at`, `updated_at`, `telp`) VALUES (27, 'Endang Bachtiar Effendi', 'Endangbe454@gmail', 'Ayang', '2022-07-22 10:04:12', '$2y$10$XUysEkFDOPtU8fXguyVbXu6i5aGkod..aypHAHGLB9TnFYlhrjAaa', NULL, '2022-07-22 02:04:12', '2022-07-22 02:04:12', '085248580291');
INSERT INTO `users` (`id`, `name`, `email`, `username`, `email_verified_at`, `password`, `remember_token`, `created_at`, `updated_at`, `telp`) VALUES (28, 'Ady nasrullah hasby', 'Adigosond@gmail.com', 'Ady', '2022-07-29 14:00:25', '$2y$10$6EPb/0DiHXj5ZOZjJmq8v.h.Ga1hRtbhOPCBnVQpqrQBN9LcNHRtK', 'wy8DDDRkBpioppBy7Gs9LmmE1KEidQs5hUVc19bnI8J5lMs1Y4CTGMA4bqvo', '2022-07-29 14:00:25', '2022-07-29 14:00:25', '081357801284');
INSERT INTO `users` (`id`, `name`, `email`, `username`, `email_verified_at`, `password`, `remember_token`, `created_at`, `updated_at`, `telp`) VALUES (29, 'Anisa', 'anisaasriani93@gmail.com', 'Cha', '2022-07-22 16:00:06', '$2y$10$i6vWiN9rzDMScsSMqjSDqu8Mf3N7LNtBmGd.b..Jb1wjWdyn/fxaW', NULL, '2022-07-22 08:00:06', '2022-07-22 08:00:06', '081351472152');
INSERT INTO `users` (`id`, `name`, `email`, `username`, `email_verified_at`, `password`, `remember_token`, `created_at`, `updated_at`, `telp`) VALUES (30, 'Muhammad rifani', 'Muhammadrifani07@gmail.com', 'Mr007', '2022-07-22 16:10:30', '$2y$10$NktCpvhZXdgXIfx9omy5j.l2Aw7J3YvIsIvIMwKFCiN54WJNv7qr.', NULL, '2022-07-22 08:10:30', '2022-07-22 08:10:30', '082150293107');
INSERT INTO `users` (`id`, `name`, `email`, `username`, `email_verified_at`, `password`, `remember_token`, `created_at`, `updated_at`, `telp`) VALUES (31, 'Kamarudin', NULL, '001', '2022-07-28 11:18:48', '$2y$10$AqH1gbxLhVwKV/RFroXMcO6Z/p7izoVvLPCW3fXjuAZ8qo77Su1/C', 'Ji8YpoCcnUTyMgFu9nqxb5jpVw7144ZOp4QJxTpji1g4GulJ95OxVddhfJB0', '2022-07-28 11:18:48', '2022-07-28 11:18:48', NULL);
INSERT INTO `users` (`id`, `name`, `email`, `username`, `email_verified_at`, `password`, `remember_token`, `created_at`, `updated_at`, `telp`) VALUES (32, 'Bhakti Setya Putra, S.Kom', NULL, '6371031212940006', '2022-08-02 10:34:39', '$2y$10$wOvmcSPIPwJaYXjPar8sDuWu7K4G.h775YAuzgXp8nWjJ3Yur4sWa', 'qd2sCpYFqxxZhUEhoLHsMQwQ9Ir4Zk4VhypGmctD4Zu4u5mGfUCxjRN2R6MB', '2022-08-02 10:34:39', '2022-08-02 10:34:39', NULL);
INSERT INTO `users` (`id`, `name`, `email`, `username`, `email_verified_at`, `password`, `remember_token`, `created_at`, `updated_at`, `telp`) VALUES (33, 'Aminin', NULL, '6371042010900003', '2022-07-29 09:36:16', '$2y$10$6jIelt/Ysk8aAcNvqk70IuaVijFXqPYMwJT./iR/xg9PcOHyOBw/.', 'jwbOzvirkIoKWF0tNUKU3Pn5vVdWQzvbwbhi1QkUUnNAII6OAYYMLlbu8JJQ', '2022-07-29 09:36:16', '2022-07-29 09:36:16', NULL);
INSERT INTO `users` (`id`, `name`, `email`, `username`, `email_verified_at`, `password`, `remember_token`, `created_at`, `updated_at`, `telp`) VALUES (34, 'HENDRA, S.STP., MA.', 'hendrasstpma@gmail.com', '198208042000121001', '2022-07-29 09:38:10', '$2y$10$9pLyRBn4r4Be031W3FKcc.HP36VtJZK/SlR1zNoHhy3VqAjSls4nG', NULL, '2022-07-29 01:38:10', '2022-07-29 01:38:10', '081256034366');
INSERT INTO `users` (`id`, `name`, `email`, `username`, `email_verified_at`, `password`, `remember_token`, `created_at`, `updated_at`, `telp`) VALUES (35, 'Purwanto', NULL, '6372060201890001', '2022-07-29 09:42:43', '$2y$10$KU/NIop4LYB8DYio86ar.O9dqdMzZYt6l9gQsJdhALabNhfxCq2b2', 'FyeOjSy9ZztVIYYcr9OuuZxPfPNWQ6NiVgamP3oIQvS0PlHbiUhg8dlQQrDF', '2022-07-29 09:42:43', '2022-07-29 09:42:43', NULL);
INSERT INTO `users` (`id`, `name`, `email`, `username`, `email_verified_at`, `password`, `remember_token`, `created_at`, `updated_at`, `telp`) VALUES (36, 'Muhammad Zada Saidani', NULL, '6371021805030005', '2022-07-29 11:27:20', '$2y$10$i/pznIh50OUU7EHAGN7aPOX8SDSkQE1MzY9inVXJ6PO4/hE40z4GG', 'HuZzYKaLoEiEFyPYzAfuY7Y22mRutCM21jXNmwUVQYwCp7PvFZKxyEsrSuwt', '2022-07-29 11:27:20', '2022-07-29 11:27:20', NULL);
INSERT INTO `users` (`id`, `name`, `email`, `username`, `email_verified_at`, `password`, `remember_token`, `created_at`, `updated_at`, `telp`) VALUES (37, 'Prayogo Pangestu', NULL, '6371040101970010', '2022-09-11 21:32:17', '$2y$10$AgV07zoBMcu/XntbMjvx1.o6GAUiASy0hwIFB85BVHe.rGftdo7xO', 'ochZpQ5Pubcbh2yE9t30fkekBNcplCKfp3rOkVYwuErOR4RSpkKgl514jlVI', '2022-09-11 21:32:17', '2022-09-11 21:32:17', NULL);
INSERT INTO `users` (`id`, `name`, `email`, `username`, `email_verified_at`, `password`, `remember_token`, `created_at`, `updated_at`, `telp`) VALUES (38, 'Mirza Mantovani B.', NULL, '085', '2022-07-29 09:43:54', '$2y$10$W39HfBUkwzJ8F7RXGXInD.E8LtdSx.XfoSuvrEs9omC07pdPQ4bmu', 'FC9MM3H1ICu5oBGgyFFz5SDCgI333byO0yb5GaQbKjdPLFQI9Pg3J2xq1OCg', '2022-07-29 09:43:54', '2022-07-29 09:43:54', NULL);
INSERT INTO `users` (`id`, `name`, `email`, `username`, `email_verified_at`, `password`, `remember_token`, `created_at`, `updated_at`, `telp`) VALUES (39, 'Taufik Rahman', NULL, '6303040805800008', '2022-07-29 09:50:50', '$2y$10$BXrHNA/t14n/2bmT9hUohO1r5lxJo9J/DhK2fT2MBHQJ4ParmdVrK', 'WDSV6NgEgSeCbhC9LHqCcJm3iVHmwx84mrMq78cVbzQuZoI6DgfkWFDqFvyC', '2022-07-29 09:50:50', '2022-07-29 09:50:50', NULL);
INSERT INTO `users` (`id`, `name`, `email`, `username`, `email_verified_at`, `password`, `remember_token`, `created_at`, `updated_at`, `telp`) VALUES (40, 'Khairul Fahmi', NULL, '6371021004940005', '2022-07-29 09:42:19', '$2y$10$VggIzqNhW0NMBX920kKv/e6F9MaHPTzM.7KWNdZ6lmUKMtdgeWqPO', 'Jh6zOBs0nHnFobpbWDCOYql4tpp9CkaAnQnn4p7XeoLW9rbaB27SSKoCqvif', '2022-07-29 09:42:19', '2022-07-29 09:42:19', NULL);
INSERT INTO `users` (`id`, `name`, `email`, `username`, `email_verified_at`, `password`, `remember_token`, `created_at`, `updated_at`, `telp`) VALUES (41, 'Ahmad Rezeki F, S.Kom', NULL, '6206100403980002', '2022-07-29 13:30:55', '$2y$10$8PfUzzQrQpC.y3B5JkW7X.vh3EzJxjz2oW32jPfs0b99s8GfI4Nhu', 'FXZkhYliHvgf4NF5j1Rx0mQUvDdTfDt6XBTiZqytNMvDGVWvs1Jg7tIMmx7J', '2022-07-29 13:30:55', '2022-07-29 13:30:55', NULL);
INSERT INTO `users` (`id`, `name`, `email`, `username`, `email_verified_at`, `password`, `remember_token`, `created_at`, `updated_at`, `telp`) VALUES (42, 'Hafizul Malik', NULL, '6371023003960004', '2022-07-29 13:36:14', '$2y$10$dV/MkMxlKi/7ALTKOK7pceDckFu1eFpkUMf37rz5cSjeBIshqGuSy', 'SSqZQM5idue8uT1Gm1DelmAlezOfBYpBj6o9PfRk01pajPbe9LQpFUnCKBQW', '2022-07-29 13:36:14', '2022-07-29 13:36:14', NULL);
INSERT INTO `users` (`id`, `name`, `email`, `username`, `email_verified_at`, `password`, `remember_token`, `created_at`, `updated_at`, `telp`) VALUES (43, 'Novy Suprapti', NULL, '6371014911000005', '2022-07-29 10:13:01', '$2y$10$piMO0Eu3A77Oo491tJxMk.aC26lcH03vVKUbw5140InUZzldF.IdO', '8ZKvLe8Sq1FvjYDRf8KVJjNcOkTy1ixkHdCdjmjI61qj6XaW3mMbKuU0Imes', '2022-07-29 10:13:01', '2022-07-29 10:13:01', NULL);
INSERT INTO `users` (`id`, `name`, `email`, `username`, `email_verified_at`, `password`, `remember_token`, `created_at`, `updated_at`, `telp`) VALUES (44, 'Deniz Manggala Praja', 'denizmanggalapraja@gmail.com', 'DNZ', '2022-07-29 10:33:05', '$2y$10$0VWoD75tBiBKLXlcXjzBvugkHKjbRo9qJF/l/xeDexZMzngN.APvK', NULL, '2022-07-29 02:33:05', '2022-07-29 02:33:05', '089644620919');
INSERT INTO `users` (`id`, `name`, `email`, `username`, `email_verified_at`, `password`, `remember_token`, `created_at`, `updated_at`, `telp`) VALUES (45, 'Hafizul malik', 'Hafizul15434@gmail.com', 'Hafizul malik', '2022-07-29 12:38:13', '$2y$10$oqfEcJMy6PyZ95Kc90ZRN.9NDEcnB6b3MiZskDgfRnlMWLUQAYBy6', NULL, '2022-07-29 04:38:13', '2022-07-29 04:38:13', '081250557225');
INSERT INTO `users` (`id`, `name`, `email`, `username`, `email_verified_at`, `password`, `remember_token`, `created_at`, `updated_at`, `telp`) VALUES (46, 'H. Ady Nasrullah Hasby', NULL, '198412272012121002', '2022-07-29 14:00:55', '$2y$10$gGbS2xMB1tjmhL1pLgmLV.lcSItFnM9EHgxrUxfwxAu7w/f1nZ./a', 'i2cxdoim27Blz5kgfUInmStYVnk8OypXOHSgrjVDhgnGFjlDHsw8pbteFAha', '2022-07-29 14:00:55', '2022-07-29 14:00:55', NULL);
INSERT INTO `users` (`id`, `name`, `email`, `username`, `email_verified_at`, `password`, `remember_token`, `created_at`, `updated_at`, `telp`) VALUES (47, 'Abdu Salam', NULL, '197810102007011019', '2022-07-29 14:04:49', '$2y$10$eus9fQvWrz96GTsD86WC2eVL7njjkMvYkfDUYUbQT0ycqHehmPg8e', NULL, '2022-07-29 06:04:49', '2022-07-29 06:04:49', NULL);
INSERT INTO `users` (`id`, `name`, `email`, `username`, `email_verified_at`, `password`, `remember_token`, `created_at`, `updated_at`, `telp`) VALUES (49, 'M. Budi', '-', 'Budi92', '2022-08-01 09:49:02', '$2y$10$HASAcpAW427OFM3hFo4cPevTXYUbG78g2MsoWL45YA5lBElJwlvey', NULL, '2022-08-01 01:49:02', '2022-08-01 01:49:02', '-');
INSERT INTO `users` (`id`, `name`, `email`, `username`, `email_verified_at`, `password`, `remember_token`, `created_at`, `updated_at`, `telp`) VALUES (50, 'rachmat rijwan', 'jhuanieto@gmail.com', 'rachmatrijwan', '2022-08-02 08:19:44', '$2y$10$UiaYFzvgd462XGkurV5wwe1Kmn8NuKbybVv65wSHBmR286OD8CP82', 'm5nbYZCnM8Ti6E8jHKwbxfQ2z4R6Aiyqp5Ep0qN4e6i7b0GaSvSnnfE3xICk', '2022-08-02 08:19:44', '2022-08-02 08:19:44', '081351012705');
INSERT INTO `users` (`id`, `name`, `email`, `username`, `email_verified_at`, `password`, `remember_token`, `created_at`, `updated_at`, `telp`) VALUES (53, 'Rony Saputra', '×', 'Walkot', '2022-08-02 09:25:00', '$2y$10$n7C/FK4SaY7lYh0BOruLMunDySUQfgj.lfhM1ts.DmC553REP83U2', NULL, '2022-08-02 01:25:00', '2022-08-02 01:25:00', '×');
INSERT INTO `users` (`id`, `name`, `email`, `username`, `email_verified_at`, `password`, `remember_token`, `created_at`, `updated_at`, `telp`) VALUES (54, 'Muammar', 'Akun.fro11@gmail.com', 'Muammar', '2022-08-03 07:07:21', '$2y$10$lNJ2C4P/waTJXxn4OyZxXeI0dl5DQ/rwdQmeaRP9CaxU8DWrF97wO', 'rGt1WpkVzteOV4pJNkwihr9XsxzHOF3hf2DwHLBhUPYmuAcxd7MAOxD522EY', '2022-08-03 07:07:21', '2022-08-03 07:07:21', '085750196714');
INSERT INTO `users` (`id`, `name`, `email`, `username`, `email_verified_at`, `password`, `remember_token`, `created_at`, `updated_at`, `telp`) VALUES (56, 'M Agus Setiawan', 'setiawanmagus028@gmail.com', 'M agus setiawan', '2022-08-02 09:35:33', '$2y$10$0ZBFvjTTv3WUYVKGUqDJR.0YhQQg6dcqxGZSa0ttF1DeYbRnylERO', NULL, '2022-08-02 01:35:33', '2022-08-02 01:35:33', '082251563188');
INSERT INTO `users` (`id`, `name`, `email`, `username`, `email_verified_at`, `password`, `remember_token`, `created_at`, `updated_at`, `telp`) VALUES (57, 'Muhammad Zidan Akbar', 'zidanok012@gmail.com', 'Zidann_8', '2022-08-02 09:37:00', '$2y$10$TJzGYCxy7/sWWrIHSNKCh.hANvCF1ofkojsoqKnlsKtk4zjfsDBFK', NULL, '2022-08-02 01:37:00', '2022-08-02 01:37:00', '081804102378');
INSERT INTO `users` (`id`, `name`, `email`, `username`, `email_verified_at`, `password`, `remember_token`, `created_at`, `updated_at`, `telp`) VALUES (58, 'Ahmad juwaini', 'Ahmadjuwaini1996@gmail.com', 'Juwai96', '2022-08-02 09:38:09', '$2y$10$hhEww19y5crTT0t.VCG8Re4A5wYZ2FxcN5d8aIMwff7i7ymvcuzG.', NULL, '2022-08-02 01:38:09', '2022-08-02 01:38:09', '085348466947');
INSERT INTO `users` (`id`, `name`, `email`, `username`, `email_verified_at`, `password`, `remember_token`, `created_at`, `updated_at`, `telp`) VALUES (59, 'Syamsul fata', 'sfata1978@gmail.com', '197807062007011018', '2022-08-04 09:43:52', '$2y$10$x0TZNdbLa.YyLK8gDp9mPO7BKg3clqQpfSpKEU1Cs9/O3VKpircnu', 'Jiez6LOHouSAktmv2cKu7uSqUOYaCFNONPn5CIVDf5L4XX3TBnpiVipDcLN7', '2022-08-04 09:43:52', '2022-08-04 09:43:52', '085100349876');
INSERT INTO `users` (`id`, `name`, `email`, `username`, `email_verified_at`, `password`, `remember_token`, `created_at`, `updated_at`, `telp`) VALUES (60, 'Lydia Agustina', 'Lydiaagustina3520@gmail.com', 'Lydia (susan)', '2022-08-02 09:57:24', '$2y$10$5DgeGuTBH8U88CTNfx7njeXiYKpJjc/dYBKTUbErYG8aaX7SnjFRq', NULL, '2022-08-02 01:57:24', '2022-08-02 01:57:24', '081257428025');
INSERT INTO `users` (`id`, `name`, `email`, `username`, `email_verified_at`, `password`, `remember_token`, `created_at`, `updated_at`, `telp`) VALUES (61, 'Haji Tarang', 'Qw', 'Haji Tarang', '2022-08-02 10:13:20', '$2y$10$jK7Mk.WF04UMmo.NK8KLMeJQct3DUy7npmc49S7kcLo5//nhhywIW', NULL, '2022-08-02 02:13:20', '2022-08-02 02:13:20', 'Qw');
INSERT INTO `users` (`id`, `name`, `email`, `username`, `email_verified_at`, `password`, `remember_token`, `created_at`, `updated_at`, `telp`) VALUES (62, 'Bambang soesilo', 'bambangsoesilo8@gmail.com', '6371022809780003', '2022-08-02 10:34:34', '$2y$10$ZPvHIYD2EDtrHLRT5uw66eQCE02CHzMwMnUjl76pZQO6gJvQknttO', 'UyCW70KmjEgP5LtNAxy6evFvDjPVvqkWr6oXYgGbQ7llu8Ri0308f3ze8h8q', '2022-08-02 10:34:34', '2022-08-02 10:34:34', '081251371313');
INSERT INTO `users` (`id`, `name`, `email`, `username`, `email_verified_at`, `password`, `remember_token`, `created_at`, `updated_at`, `telp`) VALUES (63, 'Catur Purnawirawan', 'cpurnawirawan@gmail.com', '6371030102790017', '2022-08-02 10:38:06', '$2y$10$p7JlVnXtzyFUxakn0oqPiOF4yPkH2W6mQ.LYk2vS8C.8qbAKEhj9K', NULL, '2022-08-02 02:38:06', '2022-08-02 02:38:06', '085754329150');
INSERT INTO `users` (`id`, `name`, `email`, `username`, `email_verified_at`, `password`, `remember_token`, `created_at`, `updated_at`, `telp`) VALUES (64, 'Dewi restu anggraini', 'dewi21restu@gmail.com', 'Dewi restu anggraini', '2022-08-11 11:39:44', '$2y$10$gcSUbWhEndutTPx.Q.KTvu5I50pnUPryLKK7waTAZgLp03G34pmx2', 'F6yLLZHYFHUPsjcofvdEw9IXXxEwrcksotwLHk6loHahwQnEMDVT0tQODwHd', '2022-08-11 11:39:44', '2022-08-11 11:39:44', '0895605850685');
INSERT INTO `users` (`id`, `name`, `email`, `username`, `email_verified_at`, `password`, `remember_token`, `created_at`, `updated_at`, `telp`) VALUES (68, 'Muhammad Irfan Ikhwani', 'ifanikhwani25@gmail.com', 'Irfan17', '2022-08-02 15:43:25', '$2y$10$lu6QvEVmQKU.wZTARgG44OKMqR5hXarTcCxOwJZIWLHf38W6e8uli', 'eza6M5fasgiMejnEAL6tC11BjgNYaeaYNXm3TmATlyiHxk0Xy8cepvuK6Tl9', '2022-08-02 15:43:25', '2022-08-02 15:43:25', '087816277720');
INSERT INTO `users` (`id`, `name`, `email`, `username`, `email_verified_at`, `password`, `remember_token`, `created_at`, `updated_at`, `telp`) VALUES (70, 'Sagita Ramadhana', 'sagitarmdhn@gmail.com', 'Sagita', '2022-08-02 14:41:45', '$2y$10$EJU9k62UJkes9ID7WMOyz.3blk.smWJPUETbKO.V0WOSvKouVss2y', NULL, '2022-08-02 06:41:45', '2022-08-02 06:41:45', '08582866693');
INSERT INTO `users` (`id`, `name`, `email`, `username`, `email_verified_at`, `password`, `remember_token`, `created_at`, `updated_at`, `telp`) VALUES (71, 'suryanur', 'sn3077864@gmail.com', 'surya', '2022-08-03 01:15:23', '$2y$10$SXkqF9J8a6FZpJ8YFPwnKOsxsIQpLMe5rkx6IrH1Syx5opBX9uJvG', NULL, '2022-08-02 17:15:23', '2022-08-02 17:15:23', '081250987599');
INSERT INTO `users` (`id`, `name`, `email`, `username`, `email_verified_at`, `password`, `remember_token`, `created_at`, `updated_at`, `telp`) VALUES (72, 'Batinah', 'batinah.97@yahoo.com', 'Batinah_', '2022-08-03 12:08:19', '$2y$10$L7LFL/QXGZB6E.FSUH19GuBYsogu6/S0WjqWE.RW8Llpu99LyHbMm', 'wOGidgD0ko1WIie4HpiXbZots8UM3FsA6M54mgUVEufjVOpL0Q00lrciHADi', '2022-08-03 12:08:19', '2022-08-03 12:08:19', '081927031997');
INSERT INTO `users` (`id`, `name`, `email`, `username`, `email_verified_at`, `password`, `remember_token`, `created_at`, `updated_at`, `telp`) VALUES (73, 'Daipadli', 'daipadli088@gmail.com', 'Dai', '2022-08-03 22:05:50', '$2y$10$6RDQ4lFMFCYfaMk97VCRU.3DUAffr5Cdd.5ruh/W.1E4xW/F0NxbC', 'NW3I6JRSXNc2OPDyyUp4M0zMd4LIbVTZtJbdoyRxWqmpq6kdCn1aSDGkktba', '2022-08-03 22:05:50', '2022-08-03 22:05:50', '082151548885');
INSERT INTO `users` (`id`, `name`, `email`, `username`, `email_verified_at`, `password`, `remember_token`, `created_at`, `updated_at`, `telp`) VALUES (77, 'Hendra Hermawan', 'muhammadhendrahermawan0@gmail.com', '6371022705930005', '2022-08-03 15:12:32', '$2y$10$94nyvtwbAYUzzM74J3x4QuBaKGzPAhoHfvjsaf.UrkSd4SO7ox0am', NULL, '2022-08-03 07:12:32', '2022-08-03 07:12:32', '089693005960');
INSERT INTO `users` (`id`, `name`, `email`, `username`, `email_verified_at`, `password`, `remember_token`, `created_at`, `updated_at`, `telp`) VALUES (78, 'Herwansyah', 'erwanree@gmail.com', 'Erwan', '2022-08-04 11:05:15', '$2y$10$Mkud0fny3jjp2Ofgql6/DOchTdpmM8uuJFqhHdMRFdL.b/grdHnja', '7UNBbcMJ31hDMgxUyZuVRPiDsbR1KdJJ1rj88CLAFrIk1J94IYvWt61zUMWc', '2022-08-04 11:05:15', '2022-08-04 11:05:15', '081255793533');
INSERT INTO `users` (`id`, `name`, `email`, `username`, `email_verified_at`, `password`, `remember_token`, `created_at`, `updated_at`, `telp`) VALUES (79, 'Riski fadillah', 'Renaldiansarii@gmail.com', 'Riski999', '2023-07-31 05:46:35', '$2y$10$RKglXht6TkoLiKxUy/syPOH43Hrq5vIOOrosk/xsctG5r7TRQ0R7O', 'er53IUcFjLIbbFhHQ8MkGXvhBHzxQZQcTNIwsYRFxD298imVsErzivCehpf8', '2023-07-31 05:46:35', '2023-07-31 05:46:35', '085349763746');
INSERT INTO `users` (`id`, `name`, `email`, `username`, `email_verified_at`, `password`, `remember_token`, `created_at`, `updated_at`, `telp`) VALUES (80, 'Wagimin', NULL, '197805102007011018', '2022-08-04 09:40:25', '$2y$10$6448wDI7ot/rXM7jivgEBuns/sHkeCJxgwH./gyfPVVFSediIIPbu', 'jzc5gW7jZTF3vso90196tI76hxwfLoJM6f2gKTGjznw2MtFLLdqOgqMub0eg', '2022-08-04 09:40:25', '2022-08-04 09:40:25', NULL);
INSERT INTO `users` (`id`, `name`, `email`, `username`, `email_verified_at`, `password`, `remember_token`, `created_at`, `updated_at`, `telp`) VALUES (81, 'Anang Rahmatnor', NULL, '197310022006041012', '2022-08-04 09:43:15', '$2y$10$X3dWBdTGAGb5GOGQGfupA.QPlcgSCwYYzzobrnzr9nkAYCLVFBQhy', 'ThRGG375kr5V79Bw92Ot1biEYewBpptDhbtj9VJCZGBJxAvyG7lPMjnlX5y6', '2022-08-04 09:43:15', '2022-08-04 09:43:15', NULL);
INSERT INTO `users` (`id`, `name`, `email`, `username`, `email_verified_at`, `password`, `remember_token`, `created_at`, `updated_at`, `telp`) VALUES (82, 'asfasf', 'wantek1510@gmail.com', 'wan', '2022-12-07 11:51:11', '$2y$10$9KhXaizeg8sdGu14etmGreVZ5.TPsn8pUxwcyPccAORHTLhJ06m0e', '63bp394VYxzEwFwnT8kCRuQjBY0r5b5UmBUoFPlxpeQJ4JeKlQcIO1XwCGHI', '2022-12-07 11:51:11', '2022-12-07 11:51:11', '1512412412');
INSERT INTO `users` (`id`, `name`, `email`, `username`, `email_verified_at`, `password`, `remember_token`, `created_at`, `updated_at`, `telp`) VALUES (83, 'Zhafirah Zahra', 'Zhafirahzhr16@gmail.com', 'Zhafirahzhr', '2022-10-28 17:53:33', '$2y$10$UV4ct6vLSIydKGRdpN5GmeSt6zModC8SwH64hGd1HVN4UpV7r3/G.', '8anoTnuNm4WbnQ4pjAzwOes9QklKpxTt2imPiW7H5rQAYZ9SxvYktYpSS4w7', '2022-10-28 17:53:33', '2022-10-28 17:53:33', '085388442201');
INSERT INTO `users` (`id`, `name`, `email`, `username`, `email_verified_at`, `password`, `remember_token`, `created_at`, `updated_at`, `telp`) VALUES (84, 'Muhammad Andi', 'andi@gmail.com', 'andi', '2022-08-10 12:58:54', '$2y$10$bsCfZkvfRHZw/b1MNRWf2ubVTU5kjOJQy0/KtYhOwb6wQ.FIKWmHC', 'RMhSanAzODr8RQfavj9PYcTd6MZJN8laSGe0D1QVHb5IhSAXpa5obGsJJitO', '2022-08-10 12:58:54', '2022-08-10 12:58:54', '085212345678');
INSERT INTO `users` (`id`, `name`, `email`, `username`, `email_verified_at`, `password`, `remember_token`, `created_at`, `updated_at`, `telp`) VALUES (85, 'Marga piri', 'Marga.piri@yahoo.com', 'Ruvi', '2022-08-09 09:27:13', '$2y$10$GFqzgu6l9p9WGfMfAzmUOu2TbA7VkWPXRj4wq8uj81Y8BetXgAbXS', NULL, '2022-08-09 01:27:13', '2022-08-09 01:27:13', '082148822467');
INSERT INTO `users` (`id`, `name`, `email`, `username`, `email_verified_at`, `password`, `remember_token`, `created_at`, `updated_at`, `telp`) VALUES (86, 'Muhammad aliansyah', 'trocimandala@gmail.com', 'ali28', '2022-08-09 15:52:18', '$2y$10$q0GrYeWyb9NcQzZ/L6lX1.S1YIVexmolWqFJ26hOVB35vItqJPwnK', 'bRx615MpSrANtKaz8kuXTSO3wqR8ylZOEN70y6O0rjl6t3SZTDGzfbtMZadP', '2022-08-09 15:52:18', '2022-08-09 15:52:18', '081549269180');
INSERT INTO `users` (`id`, `name`, `email`, `username`, `email_verified_at`, `password`, `remember_token`, `created_at`, `updated_at`, `telp`) VALUES (87, 'Urang Banjar', 'urangbanjar@gmail.com', 'urangbanjar', '2022-08-10 13:00:06', '$2y$10$rc/Y4atsvZRjxmCIgn/yIuuiVhT5bLE/.Xc/WBJb6uw8vy4bFlWDa', NULL, '2022-08-10 05:00:06', '2022-08-10 05:00:06', '-');
INSERT INTO `users` (`id`, `name`, `email`, `username`, `email_verified_at`, `password`, `remember_token`, `created_at`, `updated_at`, `telp`) VALUES (88, 'Syamsul Ma\'rif, S.Ag.,S.H.', 'achoelkamikawa9@gmail.com', 'Achoel Kamikawa', '2022-08-12 10:41:02', '$2y$10$9ycOfYGHV9HWBmcUIdozC.rmO/hdaDBq7oTgskrQcdf3jeqYsMWsO', NULL, '2022-08-12 02:41:02', '2022-08-12 02:41:02', '081349307000');
INSERT INTO `users` (`id`, `name`, `email`, `username`, `email_verified_at`, `password`, `remember_token`, `created_at`, `updated_at`, `telp`) VALUES (89, 'Akmal Hasan Mulyadi', 'akmal.ryan1@gmail.com', 'akmalhasan123', '2022-08-15 10:59:20', '$2y$10$MSKXfxdb6bhusPFBM2bUkepT9euW5xPpRz71PQfVrm3xgNvbUqvaq', NULL, '2022-08-15 02:59:20', '2022-08-15 02:59:20', '082297829991');
INSERT INTO `users` (`id`, `name`, `email`, `username`, `email_verified_at`, `password`, `remember_token`, `created_at`, `updated_at`, `telp`) VALUES (90, 'Rangga A.', 'rangga@gmail.com', 'rangga', '2022-08-18 09:42:46', '$2y$10$PQ/p0J5JUoh0NQFJiCH5GeaOYmSOHvAPNK/OE3QQKuvdeT6kCwrKi', NULL, '2022-08-18 01:42:46', '2022-08-18 01:42:46', '-');
INSERT INTO `users` (`id`, `name`, `email`, `username`, `email_verified_at`, `password`, `remember_token`, `created_at`, `updated_at`, `telp`) VALUES (91, 'Kmaruddin', 'kamaruddin@gmail.com', 'kamaruddin', '2022-08-18 14:42:13', '$2y$10$QI3jg40N7.oM0KH4gN9qj.7Dh9uiyIujI9WO3jhjYigwWEuirQ4aq', NULL, '2022-08-18 06:42:13', '2022-08-18 06:42:13', '-');
INSERT INTO `users` (`id`, `name`, `email`, `username`, `email_verified_at`, `password`, `remember_token`, `created_at`, `updated_at`, `telp`) VALUES (92, 'hj mahrita', 'hjmahrita5@gmail.com', 'mahrita', '2022-09-02 23:22:51', '$2y$10$yN6LXUF3gLp6Uf.6rEgsBur3zaqMAbn6WNd8U06QOYOkIZCKdkeeO', 'l9JV328h23Xaik1qTBiKdmSvpl9u89dybgMJ5j1Fg2dPVd6mI0Teyhopmgqo', '2022-09-02 23:22:51', '2022-09-02 23:22:51', '082148339005');
INSERT INTO `users` (`id`, `name`, `email`, `username`, `email_verified_at`, `password`, `remember_token`, `created_at`, `updated_at`, `telp`) VALUES (93, 'Muhammad', 'Fcollection556@gmail.com', 'Fcollection', '2022-09-08 09:48:40', '$2y$10$VvreBuhqur7ScwL1i3y0p.eRI2TsnbHU3d6Q8y4xQIe8Le3KuSGZC', 'XQUbIsKwI5nv92J0FcNTnM28uTDjNCg8xXltGQo9UXDfYtOS4ZxBFSrggmZF', '2022-09-08 09:48:40', '2022-09-08 09:48:40', '0895617000639');
INSERT INTO `users` (`id`, `name`, `email`, `username`, `email_verified_at`, `password`, `remember_token`, `created_at`, `updated_at`, `telp`) VALUES (94, 'M. Ridhani', 'ridhani@gmail.com', 'ridhani', '2022-09-08 09:46:38', '$2y$10$a9oZIWtEadRYbb2GakmQ8uAubX9DVvnbE7OQV3cLUnMdj3j0MAbtW', NULL, '2022-09-08 01:46:38', '2022-09-08 01:46:38', '089657497256');
INSERT INTO `users` (`id`, `name`, `email`, `username`, `email_verified_at`, `password`, `remember_token`, `created_at`, `updated_at`, `telp`) VALUES (95, 'Budi suy', '&', 'Qwerty', '2022-09-08 09:57:24', '$2y$10$t3nb08sbsFYEhui8SF/syus2llz2OYnq9UJwmEo5NEaQb8VkWQjg6', NULL, '2022-09-08 01:57:24', '2022-09-08 01:57:24', '&');
INSERT INTO `users` (`id`, `name`, `email`, `username`, `email_verified_at`, `password`, `remember_token`, `created_at`, `updated_at`, `telp`) VALUES (96, 'Maya Floria Yasmin', 'mayafloriay@yahoo.com', 'Myfloya', '2022-09-11 21:32:07', '$2y$10$iJiGgH9bKHzbuNf6yjeLie3OdqEZ3DQ3tCD7m8WnJnap58W6dRL8i', NULL, '2022-09-11 13:32:07', '2022-09-11 13:32:07', '081254525353');
INSERT INTO `users` (`id`, `name`, `email`, `username`, `email_verified_at`, `password`, `remember_token`, `created_at`, `updated_at`, `telp`) VALUES (97, 'ahmda', 'asaas@gmail.com', 'ahmad', '2022-09-19 22:00:39', '$2y$10$VvF5tVHRCGGxxKHXXOS.lOwnqdZxKTYi6PSHF78aXdyUFYCc0/pc6', NULL, '2022-09-19 14:00:39', '2022-09-19 14:00:39', '083536434344');
INSERT INTO `users` (`id`, `name`, `email`, `username`, `email_verified_at`, `password`, `remember_token`, `created_at`, `updated_at`, `telp`) VALUES (98, 'Nafisah', 'nafisahakhmad18@gmail.com', 'nafisahicah', '2022-09-20 12:46:42', '$2y$10$t5eg.ay5po4tPEfjgZdnAuJixKgyyMwULxWK/sdreE00uKzVSpiJm', 'LlxcHEixtMt69yftwockjZCw4BlbGH1ADrbO9IXoOlM6grXRlRQYIFwaJ0Nm', '2022-09-20 12:46:42', '2022-09-20 12:46:42', '088704356995');
INSERT INTO `users` (`id`, `name`, `email`, `username`, `email_verified_at`, `password`, `remember_token`, `created_at`, `updated_at`, `telp`) VALUES (99, 'Mamang', 'Mamang@gmail.com', 'Mamang', '2022-09-24 12:04:24', '$2y$10$8OfjQxgTji8Rd6x6Wx282.ANv7V87x2To5tXGlA.CumjtdGjyoily', 'kqicXgUeemum5WHZpuVClYDUW4ADCbiqq7pExQ04LXyYETegREui2X152cOp', '2022-09-24 12:04:24', '2022-09-24 12:04:24', '9182728372');
INSERT INTO `users` (`id`, `name`, `email`, `username`, `email_verified_at`, `password`, `remember_token`, `created_at`, `updated_at`, `telp`) VALUES (100, 'SYECH.M.RIFA\'IE', 'syechmrifaie@gmail.com', 'Syech', '2022-10-01 19:37:03', '$2y$10$T8GQcDprNaZfU2qFAe406uorcbf3w3bAcO7CHH0Jk8OwGhtsy6DAu', NULL, '2022-10-01 11:37:03', '2022-10-01 11:37:03', '085845503032');
INSERT INTO `users` (`id`, `name`, `email`, `username`, `email_verified_at`, `password`, `remember_token`, `created_at`, `updated_at`, `telp`) VALUES (101, 'Anthony', 'anthonytanu@gmail.com', 'Anthony', '2022-10-10 10:12:14', '$2y$10$D5ZIoIfItvx4tYRwaZFf5eYar/vMucZfnATYoAGtViYuWq9iY1xMS', NULL, '2022-10-10 02:12:14', '2022-10-10 02:12:14', '081253535656');
INSERT INTO `users` (`id`, `name`, `email`, `username`, `email_verified_at`, `password`, `remember_token`, `created_at`, `updated_at`, `telp`) VALUES (102, 'Muhammad Aldy', 'ff.collection@icloud.com', 'aldyy98', '2022-10-13 02:05:17', '$2y$10$gQY/2NX8jVhbB7YJg1RePuV5Je0XtU5ZgD0H4rNsTo7Oc9jjv3Oiu', 'FqzRAvG9OHdPpLfogHsBMThrNk8K2j2wQxG11vgYzvEipvNQrRL8EP1RLGEk', '2022-10-13 02:05:17', '2022-10-13 02:05:17', '08990899199');
INSERT INTO `users` (`id`, `name`, `email`, `username`, `email_verified_at`, `password`, `remember_token`, `created_at`, `updated_at`, `telp`) VALUES (103, 'Indo assek', '081274472789', 'Agasal', '2022-10-15 21:23:31', '$2y$10$UXC4n3m5ApcDDtdi2cAise0.X6KgihGGwxYXGm0yY4snCuJ7hv/P.', NULL, '2022-10-15 13:23:31', '2022-10-15 13:23:31', '081274472789');
INSERT INTO `users` (`id`, `name`, `email`, `username`, `email_verified_at`, `password`, `remember_token`, `created_at`, `updated_at`, `telp`) VALUES (104, 'khairullah', 'arulcafe@gmail.com', 'arul805', '2022-10-25 23:05:32', '$2y$10$Kcj/gPzliPXLqH2uqa5gFuhKx92z70rIWWJFRweIsholzPKg/3HNS', NULL, '2022-10-25 15:05:32', '2022-10-25 15:05:32', '085752140640');
INSERT INTO `users` (`id`, `name`, `email`, `username`, `email_verified_at`, `password`, `remember_token`, `created_at`, `updated_at`, `telp`) VALUES (107, 'Junaidi', 'naidajunaidi@gmail.com', 'Junaidi', '2022-11-02 12:15:53', '$2y$10$aSivN5m8vJ8Q6ZPI5AgnZOuloiIXY9TNCNtv.jcdKHUenVzg5vFaO', NULL, '2022-11-02 04:15:53', '2022-11-02 04:15:53', '08114676333');
INSERT INTO `users` (`id`, `name`, `email`, `username`, `email_verified_at`, `password`, `remember_token`, `created_at`, `updated_at`, `telp`) VALUES (108, 'noor alamsyah', 'alamrt.07@gmail.com', 'Alzsyah', '2022-11-11 11:19:30', '$2y$10$o0yPXra1iInJIOMFM9ko5.EGg1vrcN1qB/ifC2wjvzVUuSmKfy8tG', NULL, '2022-11-11 03:19:30', '2022-11-11 03:19:30', '085822204442');
INSERT INTO `users` (`id`, `name`, `email`, `username`, `email_verified_at`, `password`, `remember_token`, `created_at`, `updated_at`, `telp`) VALUES (109, 'Angga Dwi Aditya Nugroho', 'angganugroho2905@gmail.com', 'Angga nugroho', '2022-11-12 19:40:36', '$2y$10$Ckjd6YnfHtEDoq1ZZtt3ee72pG9RDwUk4Vu7DovSxDd9WNWEJCQcy', NULL, '2022-11-12 11:40:36', '2022-11-12 11:40:36', '085705816488');
INSERT INTO `users` (`id`, `name`, `email`, `username`, `email_verified_at`, `password`, `remember_token`, `created_at`, `updated_at`, `telp`) VALUES (110, 'Denny', 'Dennyorbit24@gmail.com', 'Denny', '2022-11-13 18:05:01', '$2y$10$5ddrIzmVjkUSfNq/zv/NJeyBb/Wk.UHBVmKknGXX3DMP4szWmdiDG', NULL, '2022-11-13 10:05:01', '2022-11-13 10:05:01', '085249993650');
INSERT INTO `users` (`id`, `name`, `email`, `username`, `email_verified_at`, `password`, `remember_token`, `created_at`, `updated_at`, `telp`) VALUES (111, 'Nanda', 'G', 'Nanda', '2022-11-13 21:22:47', '$2y$10$5mPE8RlhwlIf13FrJNA/3O1J.ap2razLsgOlC6GxsMfs8q7Oogw1i', NULL, '2022-11-13 13:22:47', '2022-11-13 13:22:47', '1');
INSERT INTO `users` (`id`, `name`, `email`, `username`, `email_verified_at`, `password`, `remember_token`, `created_at`, `updated_at`, `telp`) VALUES (112, 'kamizakiozura', 'yt1600474@gmail.com', 'kamizakiozura', '2022-11-26 15:49:40', '$2y$10$5ZjEExnbsSUGCkwCcw3lJunN3YeQ2boeEzymdV1I9xDfMJsgRQXx6', NULL, '2022-11-26 07:49:40', '2022-11-26 07:49:40', '081364250803');
INSERT INTO `users` (`id`, `name`, `email`, `username`, `email_verified_at`, `password`, `remember_token`, `created_at`, `updated_at`, `telp`) VALUES (113, 'Khairullah', 'Arulyaris999@gmail.com', 'Arul12', '2022-11-27 07:42:31', '$2y$10$vaisvpOiSDZwc1FjeDujOOeGJ0LQtWRrGO7ac9YxW2pBuepHyoHie', NULL, '2022-11-26 23:42:31', '2022-11-26 23:42:31', '085752140649');
INSERT INTO `users` (`id`, `name`, `email`, `username`, `email_verified_at`, `password`, `remember_token`, `created_at`, `updated_at`, `telp`) VALUES (114, 'rehan dika', 'pkvgamesgo@gmail.com', 'rehan5566', '2022-12-04 17:22:16', '$2y$10$nPhh1Vl92icVP1WUMI9Dj.WtbvtyBJuV0IHMKqjkc26bUaF/dP7Be', NULL, '2022-12-04 09:22:16', '2022-12-04 09:22:16', '0855522888899');
INSERT INTO `users` (`id`, `name`, `email`, `username`, `email_verified_at`, `password`, `remember_token`, `created_at`, `updated_at`, `telp`) VALUES (115, 'Ainur rofiq', 'ahmad01Rofiq03@gmail.com', 'Ainurrofiq', '2022-12-05 22:37:50', '$2y$10$nqKdvDlbzqxv45dck4dtB.KDfMskzm66mnLYmwjsZ83rYfgh.K1Zq', 'v8iMCjd6rPeWDjr9cEoNMTAl9bALtYlOu7rX6vPKrEuur410UGpLrcCYKQr6', '2022-12-05 22:37:50', '2022-12-05 22:37:50', '085348024292');
INSERT INTO `users` (`id`, `name`, `email`, `username`, `email_verified_at`, `password`, `remember_token`, `created_at`, `updated_at`, `telp`) VALUES (116, 'Aldi Rahman', 'Rmealdi@gmail.com', 'Aldi Rahman', '2022-12-28 07:41:44', '$2y$10$yw7Q.VfnA3.gNoCQlOFKNOq0w48heLxzKlp4tW7CNy1Rd3WouiA1a', NULL, '2022-12-27 23:41:44', '2022-12-27 23:41:44', '085950019068');
INSERT INTO `users` (`id`, `name`, `email`, `username`, `email_verified_at`, `password`, `remember_token`, `created_at`, `updated_at`, `telp`) VALUES (117, 'Msmsms', 'kangpepes@protonmail.com', 'Aditya798', '2023-01-02 01:35:27', '$2y$10$GCzuojYyzEw7F6.DBt6qo.TXDsDCxA2l1Xz82a8AhVhHPsI7W8Yry', NULL, '2023-01-01 17:35:27', '2023-01-01 17:35:27', '093838383838');
INSERT INTO `users` (`id`, `name`, `email`, `username`, `email_verified_at`, `password`, `remember_token`, `created_at`, `updated_at`, `telp`) VALUES (118, 'Xxxxxxxx', 'xebiw@gmail.com', 'wonxd67', '2023-01-07 03:39:15', '$2y$10$e0VcnB7JGwemISwlpxidj.i8UpqBIALiPjPUO8hmkid7J8E2F/AiS', NULL, '2023-01-06 19:39:15', '2023-01-06 19:39:15', '92929299292929');
INSERT INTO `users` (`id`, `name`, `email`, `username`, `email_verified_at`, `password`, `remember_token`, `created_at`, `updated_at`, `telp`) VALUES (119, 'mega wati', 'mega wati18', 'EghaAisyah', '2023-01-17 21:40:32', '$2y$10$5edUsJ8TrVTX/hu9PUQGqeh3ImH5OFfav3bECbQRAMHFmtqeezocC', NULL, '2023-01-17 13:40:32', '2023-01-17 13:40:32', '085845729155');
INSERT INTO `users` (`id`, `name`, `email`, `username`, `email_verified_at`, `password`, `remember_token`, `created_at`, `updated_at`, `telp`) VALUES (120, 'Septiyandi Maulana', 'septiyandi767@gmail.com', 'yandi', '2023-01-21 13:10:11', '$2y$10$H2ZtaabJVe6mqj1sL3lEIuiugw4gClb.FmieFy1393VbvhEJ1SzMW', 'Po2y6wCd2J9Sp9no5pvp7MBPmSTaS2XHh39FwCXjm8OLM5GwBzgHJ8NFVVRF', '2023-01-21 13:10:11', '2023-01-21 13:10:11', '085247064545');
INSERT INTO `users` (`id`, `name`, `email`, `username`, `email_verified_at`, `password`, `remember_token`, `created_at`, `updated_at`, `telp`) VALUES (121, 'AGUS EFFENDI', 'muhammadazmii2012@gmail.com', 'Agus', '2023-01-25 19:51:15', '$2y$10$EBEbWsodD8gI2FI0qqeqz.OxE79Q9Wg2DqE1dBbWqNufB0vvc1M5q', NULL, '2023-01-25 11:51:15', '2023-01-25 11:51:15', '085335888315');
INSERT INTO `users` (`id`, `name`, `email`, `username`, `email_verified_at`, `password`, `remember_token`, `created_at`, `updated_at`, `telp`) VALUES (122, 'media', 'wotajix174@jobsfeel.com', 'media', '2023-02-20 15:59:55', '$2y$10$dLuBHnvbn448mWzL5c8XQuTSGsDuhB6QywBOHaMROxE4oPQDkIvwq', NULL, '2023-02-20 07:59:55', '2023-02-20 07:59:55', '08912377123');
INSERT INTO `users` (`id`, `name`, `email`, `username`, `email_verified_at`, `password`, `remember_token`, `created_at`, `updated_at`, `telp`) VALUES (123, 'psychoxploit', 'psychoxploit09@gmail.com', 'psychoxploit', '2023-02-23 13:06:13', '$2y$10$6POF.1rieEywjnWdQZj5K.JRANPoArMsNxFiWUK3qcGFt1NY3CanG', NULL, '2023-02-23 05:06:13', '2023-02-23 05:06:13', '08546466456');
INSERT INTO `users` (`id`, `name`, `email`, `username`, `email_verified_at`, `password`, `remember_token`, `created_at`, `updated_at`, `telp`) VALUES (124, 'ubed', 'dtfmxqiwrgch@triots.com', 'ubed', '2023-02-27 05:17:57', '$2y$10$c9pj16qReHutuv.vTmIwPO32Wr5D6KFMZ3ux0ZvKiRs4f.858YcYu', NULL, '2023-02-26 21:17:57', '2023-02-26 21:17:57', '0677676');
INSERT INTO `users` (`id`, `name`, `email`, `username`, `email_verified_at`, `password`, `remember_token`, `created_at`, `updated_at`, `telp`) VALUES (125, 'bimhy', 'bimhy@superblohey.com', 'bimhy', '2023-02-28 02:22:01', '$2y$10$BXeUe/uqCMUqihwp9dk/UuX3VlSbs.3j4cj8eOY52GA1lXCY4D1iS', 'BHy070Dkx2ICVtgBEy7TvNZNSsb6uCGMoZpc049ecVnIrTYh5M77VblM598g', '2023-02-28 02:22:01', '2023-02-28 02:22:01', '089766554433');
INSERT INTO `users` (`id`, `name`, `email`, `username`, `email_verified_at`, `password`, `remember_token`, `created_at`, `updated_at`, `telp`) VALUES (126, 'Rida', 'noormasridaximm@gmail.com', 'Rida Barbara', '2023-03-08 09:25:50', '$2y$10$cViz0XSFBbRbfYmFk0XZheGXjqpXP4fMhP7GD8L.ShFlMaPxEbVaK', NULL, '2023-03-08 01:25:50', '2023-03-08 01:25:50', '085249488318');
INSERT INTO `users` (`id`, `name`, `email`, `username`, `email_verified_at`, `password`, `remember_token`, `created_at`, `updated_at`, `telp`) VALUES (127, 'Rahman Anshari', 'rahmananshari1971.2033@gmail.com', 'Rahman Anshari', '2023-03-20 21:47:21', '$2y$10$VpDIjitxA/F7izz0ePybM.ca32pK/XWhwwRpu6.cppqcxwdHhWIIS', NULL, '2023-03-20 13:47:21', '2023-03-20 13:47:21', '081349176665');
INSERT INTO `users` (`id`, `name`, `email`, `username`, `email_verified_at`, `password`, `remember_token`, `created_at`, `updated_at`, `telp`) VALUES (128, 'jandamuda', 'alpin@karenkey.com', 'janda', '2023-03-22 08:51:30', '$2y$10$x/ez.a3aokILztzv7zhhW.KNNjzHlaCfseQ0xxEa6xKxOMnlDcfJe', NULL, '2023-03-22 00:51:30', '2023-03-22 00:51:30', '089637373773');
INSERT INTO `users` (`id`, `name`, `email`, `username`, `email_verified_at`, `password`, `remember_token`, `created_at`, `updated_at`, `telp`) VALUES (129, 'Ahmad Yani', 'badm99201@gmail.com', 'ahmad123', '2023-03-23 12:38:40', '$2y$10$0ust.rABKNnCj3jwZ.9fpu4zr4WanqPDuL8GuxLckFyxqI66vH9vG', NULL, '2023-03-23 04:38:40', '2023-03-23 04:38:40', '081212344321');
INSERT INTO `users` (`id`, `name`, `email`, `username`, `email_verified_at`, `password`, `remember_token`, `created_at`, `updated_at`, `telp`) VALUES (130, 'Ririnwst', 'Ririnwst19@gmail.com', 'Ririnwst99_', '2023-03-30 12:25:34', '$2y$10$OSuY/MErJ/X8v/wj3Y4ufOarm1VAGUBzRWN0YF1pAV.Th7Hwnd..i', NULL, '2023-03-30 04:25:34', '2023-03-30 04:25:34', '083844865119');
INSERT INTO `users` (`id`, `name`, `email`, `username`, `email_verified_at`, `password`, `remember_token`, `created_at`, `updated_at`, `telp`) VALUES (131, 'Soraya sahida', 'ayaaqela@gmail.com', 'Soraya', '2023-04-01 09:38:22', '$2y$10$enzCSpRQ21jnlm4pA8uFtOpApTaihdvRot80zdPe885/hOi.uiK02', NULL, '2023-04-01 01:38:22', '2023-04-01 01:38:22', '081255332126');
INSERT INTO `users` (`id`, `name`, `email`, `username`, `email_verified_at`, `password`, `remember_token`, `created_at`, `updated_at`, `telp`) VALUES (132, 'Warga Komp Duta Waringin', 'awimichelle352@gmail.com', 'dutawaringin', '2023-04-10 07:48:08', '$2y$10$WinyefPexAWFTMw.eTegm.iFpfYzeVT9sBsPSpYVdNojv58OBl8za', 'Ge9ZLQvPwtMH6By58UGnfl3ygYH0WwRMU4NSHFN0XMg6ZYM3VJ2xHU8MGMDR', '2023-04-10 07:48:08', '2023-04-10 07:48:08', '085251822099');
INSERT INTO `users` (`id`, `name`, `email`, `username`, `email_verified_at`, `password`, `remember_token`, `created_at`, `updated_at`, `telp`) VALUES (133, 'Nor hayati', 'hayatilangkar737@gmail.com', 'Hayati', '2023-04-12 14:56:22', '$2y$10$2LJCe.OSW8g27iDWXKg3aOVa/3wV.spTpGO0YlAPCSzz.dnaljkQK', NULL, '2023-04-12 06:56:21', '2023-04-12 06:56:21', '083821206225');
INSERT INTO `users` (`id`, `name`, `email`, `username`, `email_verified_at`, `password`, `remember_token`, `created_at`, `updated_at`, `telp`) VALUES (134, 'admin', 'kowiwuqo@mailo.icu', 'administrator', '2023-04-27 15:14:51', '$2y$10$IPRPwvhczRu5UBwpCWtCDuYpEiSWHJBmDVwB8Ip8dZO5hYStOR.ZK', NULL, '2023-04-27 07:14:51', '2023-04-27 07:14:51', '081929299222');
INSERT INTO `users` (`id`, `name`, `email`, `username`, `email_verified_at`, `password`, `remember_token`, `created_at`, `updated_at`, `telp`) VALUES (135, 'wadwadwad', 'sloezpxjajnazae@bugfoo.com', 'XBumbbleB33', '2023-05-08 04:58:25', '$2y$10$XP4cmjT114KXgPMmpWABVepd5XY3pF/ZQM0pva2VgUrgJAHH/BBzi', 'X6gXU6ZINEcSdrGtHg3TUe24CgT4oqhALvf7Jt91mQUHPXZZFu63p9rO8Ji0', '2023-05-08 04:58:25', '2023-05-08 04:58:25', '058657456');
INSERT INTO `users` (`id`, `name`, `email`, `username`, `email_verified_at`, `password`, `remember_token`, `created_at`, `updated_at`, `telp`) VALUES (136, 'Pakno', 'Adnanwiliam03@gmail.com', 'Tambalban', '2023-05-10 20:19:02', '$2y$10$2A5FGK.6ZOfEfDJUjJGFe.nLJguD3gmov0zuhak9HTk9kqHbdpqay', 'Z6ayzcyO8faPwMaHVUBBnqbt4yusLf5CkFMWdbX7QpKqHun2qzIq5NVWvHIv', '2023-05-10 20:19:02', '2023-05-10 20:19:02', '0895335687745');
INSERT INTO `users` (`id`, `name`, `email`, `username`, `email_verified_at`, `password`, `remember_token`, `created_at`, `updated_at`, `telp`) VALUES (137, 'Test', 'layag74753@rockdian.com', 'tester', '2023-06-06 11:31:37', '$2y$10$JPXLzJIfAHFimxkttXJndeqGKYclhCd96tDeaAUiu/yBcNDkxaH.S', NULL, '2023-06-06 03:31:37', '2023-06-06 03:31:37', '0993842034234');
INSERT INTO `users` (`id`, `name`, `email`, `username`, `email_verified_at`, `password`, `remember_token`, `created_at`, `updated_at`, `telp`) VALUES (138, 'Pelapor', 'Pelapor@gmail.com', 'pelapor', '2023-06-09 11:46:02', '$2y$10$Ds7zYzD7Qx/fbQYXBSRVrOS8dC1RVl8e7JN9lA0/Df0HUY47FjLuW', NULL, '2023-06-09 03:46:02', '2023-06-09 03:46:02', '126545879632');
INSERT INTO `users` (`id`, `name`, `email`, `username`, `email_verified_at`, `password`, `remember_token`, `created_at`, `updated_at`, `telp`) VALUES (139, 'Zulrivai Saputra', NULL, '6371032407840004', '2023-06-09 11:49:53', '$2y$10$YEH.eW2qRNoPKHu5qeYPOefIm/N2AoLSuaq5pJDp.cg2YVGzhtvS2', 'Jf1q9gtg9MBrOl3I0KeYFL3bVUqJphhzfwPsStI0byzqVpMFsDhuDnTPlfgM', '2023-06-09 11:49:53', '2023-06-09 11:49:53', NULL);
INSERT INTO `users` (`id`, `name`, `email`, `username`, `email_verified_at`, `password`, `remember_token`, `created_at`, `updated_at`, `telp`) VALUES (140, 'Zeeshan Heldar', 'robyxplt@gmail.com', 'robyxplt', '2023-07-12 10:16:06', '$2y$10$DR4aOlsxGpueM3rJlFbKEOqmlGjMCKlx3poZZcfQe8XjlT5DphFg6', 'ORpUqAqykbe8iQAQpZLKO1OvL1THBFN6DdzD7v4N5vo7LfsOtGRyDgVKY7XF', '2023-07-12 10:16:06', '2023-07-12 10:16:06', '85718319308');
INSERT INTO `users` (`id`, `name`, `email`, `username`, `email_verified_at`, `password`, `remember_token`, `created_at`, `updated_at`, `telp`) VALUES (141, 'a', 'a', 'a', '2023-06-27 05:37:35', '$2y$10$kCuFI.H2rusr0NWVQ1NwSOPom9IpScJZN7c66EYb3E.HCYDI05eca', NULL, '2023-06-27 05:37:35', '2023-06-27 05:37:35', 'a');
INSERT INTO `users` (`id`, `name`, `email`, `username`, `email_verified_at`, `password`, `remember_token`, `created_at`, `updated_at`, `telp`) VALUES (142, 'asdad', 'ibycugufiqo@hcaptcha.online', 'donuthere', '2023-07-24 13:20:12', '$2y$10$u/7CJ3PfHUmYscj.CqJ4A.h0iFHxfEW/rTYFYP6pieL.VpfX0Jzy2', NULL, '2023-07-24 13:20:12', '2023-07-24 13:20:12', '088125151');
INSERT INTO `users` (`id`, `name`, `email`, `username`, `email_verified_at`, `password`, `remember_token`, `created_at`, `updated_at`, `telp`) VALUES (143, 'ahmadraji', 'rajia0966@gmail.com', 'Raji99', '2023-08-08 08:50:01', '$2y$10$3FxJkf1WJqdgW58RwiqkqeKiD64Sg2hKp0Lw86I5W5aKGOLa.NWDy', NULL, '2023-08-08 08:50:01', '2023-08-08 08:50:01', '089523202718');
INSERT INTO `users` (`id`, `name`, `email`, `username`, `email_verified_at`, `password`, `remember_token`, `created_at`, `updated_at`, `telp`) VALUES (144, 'Ahmad Muzaiyin', 'zbanjarmasin@gmail.com', 'zain', '2023-10-12 06:40:12', '$2y$10$dzaX/8edCTpyzj2P/ztcw.x0AcYzDfXkeWtEQmnX0cO0gzzUYUqQS', 'GpbYjTIHjqN3K5VBfbWK89d0OJagDmQT8TiuP1xYHVPxMy2B9kk0pswrAIZU', '2023-10-12 06:40:12', '2023-10-12 06:40:12', '081349790397');
INSERT INTO `users` (`id`, `name`, `email`, `username`, `email_verified_at`, `password`, `remember_token`, `created_at`, `updated_at`, `telp`) VALUES (145, 'kamal sanata', 'kamalsanata@sumedangkab.go.id', 'kamal', '2023-10-10 12:25:20', '$2y$10$1/NO.hWR4ZiJSyrV/tWGPeWCkWMfIHP5T/ZJWUHD392YA5bnCaQ6O', 'hO0QSDcS8HJy43c44rhOXcpEioEKa0wM1A6cFWJD8FslkqYzozP8Ozf5rPXw', '2023-10-10 12:25:20', '2023-10-10 12:25:20', '081672637287');
INSERT INTO `users` (`id`, `name`, `email`, `username`, `email_verified_at`, `password`, `remember_token`, `created_at`, `updated_at`, `telp`) VALUES (146, 'B', 'B', 'B', '2023-10-12 06:31:52', '$2y$10$0TTI.JnEQ3u5yQVyL.o/wOZnwCqqIoSLQfE12MmoBTzD5I4Atzry6', NULL, '2023-10-12 06:31:52', '2023-10-12 06:31:52', '8');
INSERT INTO `users` (`id`, `name`, `email`, `username`, `email_verified_at`, `password`, `remember_token`, `created_at`, `updated_at`, `telp`) VALUES (147, 'Ridho', 'mridhoanshori02@gmail.com', 'ridho', '2023-11-06 12:03:52', '$2y$10$p7LjYEdMIWNKYUA4ImO2.edhAHzCnU6ezwfeG.H4q.b0U.zYckIpq', NULL, '2023-11-06 12:03:52', '2023-11-06 12:03:52', '081254543241');
INSERT INTO `users` (`id`, `name`, `email`, `username`, `email_verified_at`, `password`, `remember_token`, `created_at`, `updated_at`, `telp`) VALUES (148, 'pelapor01', 'pelapor01@gmail.com', 'pelapor01', '2023-11-17 06:45:53', '$2y$10$QjWHT7Po4S7srZtDP6JvteqbBdAcrdwTbXPtCEZYYMLLDALTUsPK2', 'D17SdkobI1Vzfo1FmSkucmgTiarcEBIUz54M5POykWPtoRGNGTg1Uqy120Il', '2023-11-17 06:45:53', '2023-11-17 06:45:53', '0');
INSERT INTO `users` (`id`, `name`, `email`, `username`, `email_verified_at`, `password`, `remember_token`, `created_at`, `updated_at`, `telp`) VALUES (149, 'Sairil Hadi', 'Sairilhadi78@gmail.com', 'Irieltempothekallista', '2023-11-12 09:05:08', '$2y$10$goolrSK.n0Jwa97tDdGNveH1qrcDuKDUwPp2Pi/y3KoSf/qbO3FJa', NULL, '2023-11-12 09:05:08', '2023-11-12 09:05:08', '085248580068');
INSERT INTO `users` (`id`, `name`, `email`, `username`, `email_verified_at`, `password`, `remember_token`, `created_at`, `updated_at`, `telp`) VALUES (150, 'Aerona Bz', 'aeronabz@gmail.com', 'aeronabz', '2023-11-24 10:46:25', '$2y$10$ItrPAgRxj4wN5wzHI62V1OT52q6oIQDr1IggwAtoYYmZsewSWNyUq', NULL, '2023-11-24 10:46:25', '2023-11-24 10:46:25', '08215648975');
INSERT INTO `users` (`id`, `name`, `email`, `username`, `email_verified_at`, `password`, `remember_token`, `created_at`, `updated_at`, `telp`) VALUES (151, 'Siti Khadijah', 'sitikhadijah171205@gmail.com', 'Dijesiti17', '2023-12-03 07:24:01', '$2y$10$emCsKKDBpOWApVSrw1xWguqfah6x2C/yYJgPHg6R6Bc9zpcu8TPku', NULL, '2023-12-03 07:24:01', '2023-12-03 07:24:01', '082192728924');
COMMIT;

SET FOREIGN_KEY_CHECKS = 1;
